SkewTentCell_0_init_state_i;"=AVERAGE(G40:G65536)"
SkewTentCell_1_init_state_i;"=AVERAGE(H40:H65536)"
PwlcCell_3_end_state_o;"=AVERAGE(AD40:AD65536)"
PwlcCell_2_init_state_i;"=AVERAGE(C40:C65536)"
SkewTentCell_3_init_state_i;"=AVERAGE(J40:J65536)"
broadcastKeys;"=AVERAGE(M40:M65536)"
PwlcCell_1_init_state_i;"=AVERAGE(B40:B65536)"
SkewTentCell_2_init_state_i;"=AVERAGE(I40:I65536)"
PwlcCell_0_end_state_o;"=AVERAGE(AA40:AA65536)"
ReadKeys_init_iter;"=AVERAGE(E40:E65536)"
PwlcCell_3_init_state_i;"=AVERAGE(D40:D65536)"
ReadKeys_init_keysIn;"=AVERAGE(F40:F65536)"
writeResults;"=AVERAGE(AW40:AW65536)"
ReadKeys_end_nextIter;"=AVERAGE(L40:L65536)"
implode_Xor1_0_samples;"=AVERAGE(AQ40:AQ65536)"
PwlcCell_1_end_state_o;"=AVERAGE(AB40:AB65536)"
xor;"=AVERAGE(AM40:AM65536;AN40:AN65536;AO40:AO65536;AP40:AP65536;AS40:AS65536;AT40:AT65536;AV40:AV65536)"
PwlcCell_2_end_state_o;"=AVERAGE(AC40:AC65536)"
implode_Xor1_1_samples;"=AVERAGE(AR40:AR65536)"
pwlcCell;"=AVERAGE(S40:S65536;T40:T65536;U40:U65536;V40:V65536)"
fork_3;"=AVERAGE(R40:R65536)"
fork_2;"=AVERAGE(Q40:Q65536)"
fork_1;"=AVERAGE(P40:P65536)"
readKeys;"=AVERAGE(K40:K65536)"
fork_0;"=AVERAGE(O40:O65536)"
SkewTentCell_0_end_state_o;"=AVERAGE(AE40:AE65536)"
broadcastKeys_end_out1_8_0;"=AVERAGE(N40:N65536)"
join_3;"=AVERAGE(AL40:AL65536)"
implode_Xor2_samples;"=AVERAGE(AU40:AU65536)"
join_2;"=AVERAGE(AK40:AK65536)"
join_1;"=AVERAGE(AJ40:AJ65536)"
join_0;"=AVERAGE(AI40:AI65536)"
SkewTentCell_1_end_state_o;"=AVERAGE(AF40:AF65536)"
SkewTentCell_3_end_state_o;"=AVERAGE(AH40:AH65536)"
PwlcCell_0_init_state_i;"=AVERAGE(A40:A65536)"
SkewTentCell_2_end_state_o;"=AVERAGE(AG40:AG65536)"
skewTentCell;"=AVERAGE(W40:W65536;X40:X65536;Y40:Y65536;Z40:Z65536)"
1;2;3;4;5;6;7;8;9;10;11;12;13;14;15;16;17;18;19;20;21;22;23;24;25;26;27;28;29;30;31;32;33;34;35;36;37;38;39;40;41;42;43;44;45;46;47;48;49;
0;0;0;0;0;0;0;0;0;0;1;0;1;0;1;1;1;1;1;1;1;1;1;1;1;1;0;0;0;0;0;0;0;0;1;1;1;1;1;1;1;1;1;1;1;1;1;1;1;
0.00;0.00;0.00;0.00;0.00;0.00;0.00;0.00;0.00;0.00;751000000.00;0.00;5000000.00;0.00;5000000.00;6000000.00;5000000.00;4000000.00;14766999552.00;14485999616.00;14273000448.00;14481000448.00;14371999744.00;14300999680.00;14069000192.00;14247000064.00;0.00;0.00;0.00;0.00;0.00;0.00;0.00;0.00;557000000.00;431000000.00;808000000.00;356000000.00;1172999936.00;1155000064.00;1232000000.00;1210000000.00;385000000.00;353000000.00;1168000000.00;1099000064.00;314000000.00;1139000064.00;1010000000.00;
0.00;0.00;0.00;0.00;0.00;0.00;0.00;0.00;0.00;0.00;698000000.00;0.00;5000000.00;0.00;5000000.00;5000000.00;5000000.00;5000000.00;15649999872.00;15779999744.00;16266000384.00;14670999552.00;14288000000.00;14314000384.00;14076999680.00;14245000192.00;0.00;0.00;0.00;0.00;0.00;0.00;0.00;0.00;573000000.00;357000000.00;827000000.00;356000000.00;1270000000.00;1154000000.00;1154000000.00;1200000000.00;483000000.00;355000000.00;1156999936.00;1099000064.00;328000000.00;1037000000.00;1072000000.00;
0.00;0.00;0.00;0.00;0.00;0.00;0.00;0.00;0.00;0.00;709000000.00;0.00;5000000.00;0.00;5000000.00;5000000.00;5000000.00;5000000.00;14403999744.00;14885000192.00;14232999936.00;14257999872.00;14346999808.00;14328999936.00;13918999552.00;14311000064.00;0.00;0.00;0.00;0.00;0.00;0.00;0.00;0.00;565000000.00;357000000.00;813000000.00;355000000.00;1168000000.00;1260000000.00;1158000000.00;1198000000.00;381000000.00;351000000.00;1242000000.00;1104000000.00;321000000.00;1042000000.00;1003000000.00;
0.00;0.00;0.00;0.00;0.00;0.00;0.00;0.00;0.00;0.00;799000000.00;0.00;5000000.00;0.00;5000000.00;5000000.00;5000000.00;5000000.00;14346000384.00;14503000064.00;14675999744.00;14295000064.00;14215000064.00;14412999680.00;14080000000.00;14437999616.00;0.00;0.00;0.00;0.00;0.00;0.00;0.00;0.00;581000000.00;357000000.00;813000000.00;355000000.00;1167000064.00;1260000000.00;1162000000.00;1188000000.00;378000000.00;350000000.00;1166000000.00;1212000000.00;327000000.00;1043000000.00;1003000000.00;
0.00;0.00;0.00;0.00;0.00;0.00;0.00;0.00;0.00;0.00;704000000.00;0.00;6000000.00;0.00;5000000.00;6000000.00;5000000.00;5000000.00;16012999680.00;14560000000.00;14213999616.00;14744000512.00;14247000064.00;14300999680.00;14069999616.00;14321000448.00;0.00;0.00;0.00;0.00;0.00;0.00;0.00;0.00;571000000.00;356000000.00;834000000.00;357000000.00;1168999936.00;1259000064.00;1154000000.00;1200000000.00;378000000.00;353000000.00;1152000000.00;1203000064.00;312000000.00;1020000000.00;1003000000.00;
0.00;0.00;0.00;0.00;0.00;0.00;0.00;0.00;0.00;0.00;703000000.00;0.00;6000000.00;0.00;5000000.00;5000000.00;5000000.00;5000000.00;15320000512.00;14940000256.00;14609000448.00;15329000448.00;14279999488.00;14174000128.00;13918999552.00;14222000128.00;0.00;0.00;0.00;0.00;0.00;0.00;0.00;0.00;608000000.00;421000000.00;878000000.00;358000000.00;1262000000.00;1160999936.00;1154000000.00;1244000000.00;379000000.00;354000000.00;1264000000.00;1110000000.00;309000000.00;1030000000.00;989000000.00;
0.00;0.00;0.00;0.00;0.00;0.00;0.00;0.00;0.00;0.00;702000000.00;0.00;5000000.00;0.00;5000000.00;5000000.00;5000000.00;5000000.00;16074999808.00;16355999744.00;14986999808.00;16120000512.00;14311000064.00;14208000000.00;14014000128.00;14161000448.00;0.00;0.00;0.00;0.00;0.00;0.00;0.00;0.00;572000000.00;357000000.00;796000000.00;355000000.00;1164000000.00;1256999936.00;1159000064.00;1199000064.00;381000000.00;348000000.00;1258000000.00;1096999936.00;314000000.00;1001000000.00;999000000.00;
0.00;0.00;0.00;0.00;0.00;0.00;0.00;0.00;0.00;0.00;690000000.00;0.00;5000000.00;0.00;5000000.00;6000000.00;5000000.00;5000000.00;15921000448.00;15315000320.00;14954999808.00;15818000384.00;14348999680.00;14426999808.00;14001000448.00;14407999488.00;0.00;0.00;0.00;0.00;0.00;0.00;0.00;0.00;650000000.00;358000000.00;821000000.00;356000000.00;1168999936.00;1148999936.00;1256000000.00;1219000064.00;379000000.00;353000000.00;1160999936.00;1106000000.00;308000000.00;1104000000.00;1003000000.00;
0.00;0.00;0.00;0.00;0.00;0.00;0.00;0.00;0.00;0.00;741000000.00;0.00;5000000.00;0.00;5000000.00;5000000.00;5000000.00;5000000.00;16211000320.00;16391999488.00;16485000192.00;15697000448.00;14236000256.00;14305999872.00;14119000064.00;14069999616.00;0.00;0.00;0.00;0.00;0.00;0.00;0.00;0.00;635000000.00;358000000.00;829000000.00;360000000.00;1172999936.00;1143000064.00;1246000000.00;1195000064.00;416000000.00;349000000.00;1164000000.00;1099000064.00;421000000.00;1064000000.00;983000000.00;
0.00;0.00;0.00;0.00;0.00;0.00;0.00;0.00;0.00;0.00;696000000.00;0.00;6000000.00;0.00;5000000.00;5000000.00;6000000.00;5000000.00;15116000256.00;15900999680.00;15285000192.00;15136000000.00;14261999616.00;14440999936.00;13936000000.00;14394000384.00;0.00;0.00;0.00;0.00;0.00;0.00;0.00;0.00;578000000.00;360000000.00;825000000.00;354000000.00;1268000000.00;1160000000.00;1159000064.00;1198000000.00;379000000.00;449000000.00;1160999936.00;1103000064.00;318000000.00;1057000000.00;999000000.00;
0.00;0.00;0.00;0.00;0.00;0.00;0.00;0.00;0.00;0.00;749000000.00;0.00;5000000.00;0.00;5000000.00;6000000.00;5000000.00;5000000.00;14860999680.00;15233000448.00;15713000448.00;14782000128.00;14234000384.00;14286000128.00;14030000128.00;14327000064.00;0.00;0.00;0.00;0.00;0.00;0.00;0.00;0.00;572000000.00;359000000.00;897000000.00;356000000.00;1167000064.00;1164999936.00;1151000064.00;1300999936.00;377000000.00;355000000.00;1171000064.00;1092999936.00;302000000.00;1118000000.00;995000000.00;
0.00;0.00;0.00;0.00;0.00;0.00;0.00;0.00;0.00;0.00;696000000.00;0.00;5000000.00;0.00;5000000.00;5000000.00;6000000.00;5000000.00;16485000192.00;16110999552.00;14924999680.00;15706999808.00;14371999744.00;14247999488.00;14053000192.00;14446000128.00;0.00;0.00;0.00;0.00;0.00;0.00;0.00;0.00;591000000.00;356000000.00;923000000.00;358000000.00;1164000000.00;1164999936.00;1155000064.00;1306000000.00;383000000.00;357000000.00;1156999936.00;1096999936.00;302000000.00;985000000.00;1122000000.00;
0.00;0.00;0.00;0.00;0.00;0.00;0.00;0.00;0.00;0.00;697000000.00;0.00;5000000.00;0.00;5000000.00;6000000.00;5000000.00;5000000.00;16056999936.00;15889999872.00;15630000128.00;15980999680.00;14344999936.00;14005000192.00;13946999808.00;14220000256.00;0.00;0.00;0.00;0.00;0.00;0.00;0.00;0.00;564000000.00;357000000.00;819000000.00;357000000.00;1276000000.00;1158000000.00;1158000000.00;1212000000.00;380000000.00;347000000.00;1259000064.00;1107000064.00;317000000.00;1072000000.00;988000000.00;
0.00;0.00;0.00;0.00;0.00;0.00;0.00;0.00;0.00;0.00;694000000.00;0.00;5000000.00;0.00;5000000.00;5000000.00;5000000.00;5000000.00;16179000320.00;16528000000.00;15804999680.00;16339999744.00;14446000128.00;14140000256.00;14090999808.00;14151000064.00;0.00;0.00;0.00;0.00;0.00;0.00;0.00;0.00;576000000.00;357000000.00;834000000.00;450000000.00;1168999936.00;1156000000.00;1156000000.00;1307000064.00;379000000.00;355000000.00;1162000000.00;1083000064.00;314000000.00;1063000000.00;1124000000.00;
0.00;0.00;0.00;0.00;0.00;0.00;0.00;0.00;0.00;0.00;700000000.00;0.00;5000000.00;0.00;5000000.00;5000000.00;5000000.00;6000000.00;16058000384.00;15896999936.00;15745999872.00;16064000000.00;14364999680.00;14261999616.00;14074999808.00;14288000000.00;0.00;0.00;0.00;0.00;0.00;0.00;0.00;0.00;561000000.00;356000000.00;810000000.00;448000000.00;1172000000.00;1164999936.00;1159000064.00;1196999936.00;480000000.00;358000000.00;1155000064.00;1092999936.00;335000000.00;1013000000.00;1124999936.00;
0.00;0.00;0.00;0.00;0.00;0.00;0.00;0.00;0.00;0.00;683000000.00;0.00;5000000.00;0.00;5000000.00;5000000.00;6000000.00;5000000.00;16392999936.00;16625000448.00;16698999808.00;16014999552.00;14229000192.00;14305000448.00;14236999680.00;14092999680.00;0.00;0.00;0.00;0.00;0.00;0.00;0.00;0.00;658000000.00;357000000.00;820000000.00;360000000.00;1168999936.00;1152999936.00;1256000000.00;1204999936.00;383000000.00;355000000.00;1152999936.00;1086000000.00;328000000.00;1176000000.00;999000000.00;
0.00;0.00;0.00;0.00;0.00;0.00;0.00;0.00;0.00;0.00;752000000.00;0.00;6000000.00;0.00;5000000.00;5000000.00;5000000.00;5000000.00;15829000192.00;16135000064.00;15616000000.00;15687999488.00;14368000000.00;14325999616.00;13879000064.00;14286000128.00;0.00;0.00;0.00;0.00;0.00;0.00;0.00;0.00;574000000.00;361000000.00;920000000.00;359000000.00;1168000000.00;1160000000.00;1151000064.00;1300000000.00;379000000.00;357000000.00;1168000000.00;1064000000.00;331000000.00;1127000064.00;995000000.00;
0.00;0.00;0.00;0.00;0.00;0.00;0.00;0.00;0.00;0.00;695000000.00;0.00;5000000.00;0.00;5000000.00;6000000.00;5000000.00;5000000.00;15927000064.00;16072999936.00;16033000448.00;15911000064.00;14215000064.00;14325999616.00;14106000384.00;14311999488.00;0.00;0.00;0.00;0.00;0.00;0.00;0.00;0.00;573000000.00;355000000.00;926000000.00;358000000.00;1172999936.00;1152000000.00;1154000000.00;1292999936.00;383000000.00;359000000.00;1160000000.00;1100999936.00;313000000.00;1160999936.00;1013000000.00;
0.00;0.00;0.00;0.00;0.00;0.00;0.00;0.00;0.00;0.00;699000000.00;0.00;5000000.00;0.00;5000000.00;6000000.00;5000000.00;5000000.00;16602000384.00;16170999808.00;15745000448.00;15898999808.00;14240000000.00;14316999680.00;14035999744.00;14318000128.00;0.00;0.00;0.00;0.00;0.00;0.00;0.00;0.00;567000000.00;358000000.00;886000000.00;359000000.00;1170000000.00;1163000064.00;1164000000.00;1264999936.00;387000000.00;355000000.00;1163000064.00;1096999936.00;329000000.00;1127000064.00;1007000000.00;
0.00;0.00;0.00;0.00;0.00;0.00;0.00;0.00;0.00;0.00;705000000.00;0.00;6000000.00;0.00;5000000.00;5000000.00;5000000.00;6000000.00;16364999680.00;16149000192.00;15838999552.00;16252999680.00;14343999488.00;14193999872.00;13923999744.00;14168000512.00;0.00;0.00;0.00;0.00;0.00;0.00;0.00;0.00;576000000.00;438000000.00;853000000.00;357000000.00;1166000000.00;1158000000.00;1260999936.00;1208000000.00;381000000.00;353000000.00;1168999936.00;1098000000.00;301000000.00;1144999936.00;1001000000.00;
0.00;0.00;0.00;0.00;0.00;0.00;0.00;0.00;0.00;0.00;693000000.00;0.00;6000000.00;0.00;5000000.00;5000000.00;5000000.00;5000000.00;16320000000.00;16659999744.00;15690000384.00;16309000192.00;14293999616.00;14193000448.00;13978999808.00;14097000448.00;0.00;0.00;0.00;0.00;0.00;0.00;0.00;0.00;638000000.00;358000000.00;800000000.00;358000000.00;1163000064.00;1156000000.00;1251000064.00;1194000000.00;385000000.00;354000000.00;1190000000.00;1111000064.00;419000000.00;1063000000.00;984000000.00;
0.00;0.00;0.00;0.00;0.00;0.00;0.00;0.00;0.00;0.00;691000000.00;0.00;6000000.00;0.00;5000000.00;5000000.00;5000000.00;5000000.00;16378000384.00;15886000128.00;15793000448.00;15857000448.00;14348999680.00;14423000064.00;14087000064.00;14229999616.00;0.00;0.00;0.00;0.00;0.00;0.00;0.00;0.00;627000000.00;358000000.00;828000000.00;357000000.00;1172000000.00;1151000064.00;1256000000.00;1203000064.00;376000000.00;350000000.00;1159000064.00;1110000000.00;426000000.00;1022000000.00;1017000000.00;
0.00;0.00;0.00;0.00;0.00;0.00;0.00;0.00;0.00;0.00;692000000.00;0.00;5000000.00;0.00;5000000.00;6000000.00;5000000.00;5000000.00;16462000128.00;16565000192.00;16711000064.00;16103000064.00;14218999808.00;14304000000.00;14085999616.00;14128000000.00;0.00;0.00;0.00;0.00;0.00;0.00;0.00;0.00;576000000.00;360000000.00;830000000.00;358000000.00;1167000064.00;1250000000.00;1156000000.00;1194000000.00;381000000.00;348000000.00;1247000064.00;1112000000.00;320000000.00;985000000.00;1003000000.00;
0.00;0.00;0.00;0.00;0.00;0.00;0.00;0.00;0.00;0.00;743000000.00;0.00;6000000.00;0.00;6000000.00;6000000.00;5000000.00;5000000.00;15912999936.00;16346999808.00;15754999808.00;15733000192.00;14442000384.00;14332999680.00;13921999872.00;14275999744.00;0.00;0.00;0.00;0.00;0.00;0.00;0.00;0.00;573000000.00;356000000.00;810000000.00;358000000.00;1172999936.00;1252000000.00;1152999936.00;1243000064.00;384000000.00;356000000.00;1263000064.00;1108999936.00;317000000.00;1023000000.00;1002000000.00;
0.00;0.00;0.00;0.00;0.00;0.00;0.00;0.00;0.00;0.00;789000000.00;0.00;5000000.00;0.00;5000000.00;5000000.00;5000000.00;5000000.00;15804999680.00;15969000448.00;15902999552.00;15687999488.00;14209000448.00;14279999488.00;14136999936.00;14325000192.00;0.00;0.00;0.00;0.00;0.00;0.00;0.00;0.00;577000000.00;356000000.00;830000000.00;356000000.00;1164000000.00;1264000000.00;1154000000.00;1207000064.00;381000000.00;353000000.00;1200000000.00;1300000000.00;333000000.00;1092999936.00;997000000.00;
0.00;0.00;0.00;0.00;0.00;0.00;0.00;0.00;0.00;0.00;691000000.00;0.00;5000000.00;0.00;5000000.00;5000000.00;6000000.00;5000000.00;16732999680.00;16385999872.00;15696000000.00;16126999552.00;14371999744.00;14314000384.00;14060999680.00;14318000128.00;0.00;0.00;0.00;0.00;0.00;0.00;0.00;0.00;577000000.00;358000000.00;810000000.00;356000000.00;1267000064.00;1156999936.00;1156999936.00;1200000000.00;378000000.00;353000000.00;1256000000.00;1111000064.00;310000000.00;1037000000.00;1002000000.00;
0.00;0.00;0.00;0.00;0.00;0.00;0.00;0.00;0.00;0.00;779000000.00;0.00;5000000.00;0.00;5000000.00;5000000.00;5000000.00;5000000.00;16190999552.00;16327000064.00;16035999744.00;16131999744.00;14284999680.00;14062000128.00;13918999552.00;14218000384.00;0.00;0.00;0.00;0.00;0.00;0.00;0.00;0.00;561000000.00;359000000.00;911000000.00;383000000.00;1308000000.00;1194000000.00;1155000064.00;1200999936.00;378000000.00;346000000.00;1271000064.00;1092000000.00;332000000.00;1072000000.00;997000000.00;
0.00;0.00;0.00;0.00;0.00;0.00;0.00;0.00;0.00;0.00;698000000.00;0.00;6000000.00;0.00;5000000.00;5000000.00;5000000.00;5000000.00;16305999872.00;16839000064.00;15989000192.00;16519000064.00;14289000448.00;14224000000.00;13920000000.00;14165000192.00;0.00;0.00;0.00;0.00;0.00;0.00;0.00;0.00;579000000.00;359000000.00;912000000.00;359000000.00;1170000000.00;1152000000.00;1152999936.00;1294000000.00;384000000.00;360000000.00;1160999936.00;1106000000.00;334000000.00;990000000.00;1118000000.00;
0.00;0.00;0.00;0.00;0.00;0.00;0.00;0.00;0.00;0.00;752000000.00;0.00;5000000.00;0.00;5000000.00;5000000.00;5000000.00;5000000.00;16378000384.00;16055000064.00;16039999488.00;16133999616.00;14350000128.00;14305000448.00;14008999936.00;14400000000.00;0.00;0.00;0.00;0.00;0.00;0.00;0.00;0.00;566000000.00;454000000.00;840000000.00;358000000.00;1176999936.00;1151000064.00;1264999936.00;1204000000.00;381000000.00;355000000.00;1140999936.00;1098000000.00;314000000.00;1156999936.00;981000000.00;
0.00;0.00;0.00;0.00;0.00;0.00;0.00;0.00;0.00;0.00;695000000.00;0.00;5000000.00;0.00;5000000.00;5000000.00;5000000.00;5000000.00;16572000256.00;16775999488.00;16814999552.00;16309000192.00;14222000128.00;14307000320.00;14183999488.00;14136999936.00;0.00;0.00;0.00;0.00;0.00;0.00;0.00;0.00;551000000.00;357000000.00;842000000.00;355000000.00;1168999936.00;1263000064.00;1152999936.00;1191000064.00;382000000.00;346000000.00;1264999936.00;1086000000.00;315000000.00;1031000000.00;999000000.00;
0.00;0.00;0.00;0.00;0.00;0.00;0.00;0.00;0.00;0.00;734000000.00;0.00;5000000.00;0.00;5000000.00;5000000.00;5000000.00;6000000.00;16062999552.00;16359999488.00;15720999936.00;15838000128.00;14321999872.00;14346000384.00;14072999936.00;14273000448.00;0.00;0.00;0.00;0.00;0.00;0.00;0.00;0.00;570000000.00;358000000.00;820000000.00;356000000.00;1268000000.00;1155000064.00;1154000000.00;1207000064.00;379000000.00;353000000.00;1258000000.00;1102000000.00;325000000.00;1032000000.00;987000000.00;
0.00;0.00;0.00;0.00;0.00;0.00;0.00;0.00;0.00;0.00;852000000.00;0.00;5000000.00;0.00;5000000.00;6000000.00;5000000.00;5000000.00;16177000448.00;16156000256.00;16170999808.00;16074000384.00;14168000512.00;14291000320.00;14053999616.00;14311000064.00;0.00;0.00;0.00;0.00;0.00;0.00;0.00;0.00;573000000.00;357000000.00;824000000.00;358000000.00;1250000000.00;1158000000.00;1155000064.00;1194000000.00;378000000.00;351000000.00;1260000000.00;1108999936.00;311000000.00;984000000.00;999000000.00;
0.00;0.00;0.00;0.00;0.00;0.00;0.00;0.00;0.00;0.00;699000000.00;0.00;6000000.00;0.00;5000000.00;5000000.00;5000000.00;5000000.00;16739999744.00;16341000192.00;16074999808.00;16074999808.00;14257999872.00;14252000256.00;14186999808.00;14339999744.00;0.00;0.00;0.00;0.00;0.00;0.00;0.00;0.00;575000000.00;358000000.00;895000000.00;360000000.00;1166000000.00;1152999936.00;1155000064.00;1286000000.00;381000000.00;357000000.00;1166000000.00;1104000000.00;321000000.00;1003000000.00;1167000064.00;
0.00;0.00;0.00;0.00;0.00;0.00;0.00;0.00;0.00;0.00;762000000.00;0.00;6000000.00;0.00;6000000.00;5000000.00;5000000.00;5000000.00;16382999552.00;16375000064.00;16131999744.00;16252999680.00;14332999680.00;14090000384.00;13925000192.00;14168999936.00;0.00;0.00;0.00;0.00;0.00;0.00;0.00;0.00;647000000.00;358000000.00;836000000.00;358000000.00;1168999936.00;1163000064.00;1260000000.00;1196999936.00;383000000.00;354000000.00;1146000000.00;1107000064.00;319000000.00;1132000000.00;987000000.00;
0.00;0.00;0.00;0.00;0.00;0.00;0.00;0.00;0.00;0.00;700000000.00;0.00;5000000.00;0.00;5000000.00;5000000.00;5000000.00;5000000.00;16448000000.00;16707000320.00;15813000192.00;16531999744.00;14967000064.00;14467000320.00;13980000256.00;14147999744.00;0.00;0.00;0.00;0.00;0.00;0.00;0.00;0.00;579000000.00;358000000.00;795000000.00;355000000.00;1210000000.00;1458000000.00;1340000000.00;1354000000.00;466000000.00;395000000.00;1646000000.00;1351000064.00;462000000.00;1428999936.00;1470000000.00;
0.00;0.00;0.00;0.00;0.00;0.00;0.00;0.00;0.00;0.00;820000000.00;0.00;5000000.00;0.00;5000000.00;7000000.00;5000000.00;6000000.00;16890000384.00;16273999872.00;15902000128.00;16158000128.00;15052000256.00;14311000064.00;14919999488.00;14323000320.00;0.00;0.00;0.00;0.00;0.00;0.00;0.00;0.00;578000000.00;356000000.00;823000000.00;359000000.00;1262000000.00;1164999936.00;1156999936.00;1208000000.00;379000000.00;354000000.00;1260999936.00;1115000064.00;316000000.00;1023000000.00;991000000.00;
0.00;0.00;0.00;0.00;0.00;0.00;0.00;0.00;0.00;0.00;696000000.00;0.00;5000000.00;0.00;5000000.00;6000000.00;5000000.00;5000000.00;16551999488.00;16634999808.00;16931000320.00;16046000128.00;14906000384.00;15091999744.00;14917999616.00;14243000320.00;0.00;0.00;0.00;0.00;0.00;0.00;0.00;0.00;580000000.00;356000000.00;827000000.00;359000000.00;1164000000.00;1254000000.00;1160000000.00;1200000000.00;380000000.00;353000000.00;1240000000.00;1116000000.00;324000000.00;1078000000.00;989000000.00;
0.00;0.00;0.00;0.00;0.00;0.00;0.00;0.00;0.00;0.00;790000000.00;0.00;5000000.00;0.00;6000000.00;5000000.00;5000000.00;5000000.00;16001999872.00;16273999872.00;15909999616.00;15936000000.00;14865999872.00;14885000192.00;14776000512.00;14279999488.00;0.00;0.00;0.00;0.00;0.00;0.00;0.00;0.00;571000000.00;356000000.00;904000000.00;359000000.00;1175000064.00;1154000000.00;1155000064.00;1307000064.00;384000000.00;354000000.00;1158000000.00;1106000000.00;314000000.00;1013000000.00;1107000064.00;
0.00;0.00;0.00;0.00;0.00;0.00;0.00;0.00;0.00;0.00;697000000.00;0.00;5000000.00;0.00;6000000.00;5000000.00;5000000.00;5000000.00;16188000256.00;16030999552.00;16280999936.00;16113999872.00;14535000064.00;14293000192.00;14449999872.00;14257999872.00;0.00;0.00;0.00;0.00;0.00;0.00;0.00;0.00;643000000.00;358000000.00;828000000.00;359000000.00;1164999936.00;1168999936.00;1256000000.00;1192999936.00;380000000.00;349000000.00;1158000000.00;1111000064.00;315000000.00;1123000064.00;1040000000.00;
0.00;0.00;0.00;0.00;0.00;0.00;0.00;0.00;0.00;0.00;763000000.00;0.00;6000000.00;0.00;6000000.00;5000000.00;6000000.00;5000000.00;16871000064.00;16321999872.00;15962999808.00;16074000384.00;14273000448.00;14314999808.00;14727999488.00;14311999488.00;0.00;0.00;0.00;0.00;0.00;0.00;0.00;0.00;554000000.00;359000000.00;805000000.00;359000000.00;1164000000.00;1262000000.00;1162000000.00;1203000064.00;382000000.00;356000000.00;1259000064.00;1099000064.00;321000000.00;1030000000.00;1005000000.00;
0.00;0.00;0.00;0.00;0.00;0.00;0.00;0.00;0.00;0.00;791000000.00;0.00;6000000.00;0.00;5000000.00;5000000.00;5000000.00;6000000.00;16414999552.00;16295000064.00;16062000128.00;16467000320.00;14464000000.00;14119000064.00;14003999744.00;14641999872.00;0.00;0.00;0.00;0.00;0.00;0.00;0.00;0.00;573000000.00;358000000.00;794000000.00;447000000.00;1246000000.00;1216999936.00;1156000000.00;1288000000.00;383000000.00;357000000.00;1164000000.00;1099000064.00;320000000.00;1025000000.00;1108999936.00;
0.00;0.00;0.00;0.00;0.00;0.00;0.00;0.00;0.00;0.00;697000000.00;0.00;5000000.00;0.00;5000000.00;5000000.00;5000000.00;6000000.00;16520999936.00;16803000320.00;15957999616.00;16478999552.00;15036999680.00;15066999808.00;14542000128.00;14826000384.00;0.00;0.00;0.00;0.00;0.00;0.00;0.00;0.00;578000000.00;357000000.00;813000000.00;355000000.00;1270000000.00;1151000064.00;1159000064.00;1198000000.00;380000000.00;454000000.00;1154000000.00;1092000000.00;313000000.00;1019000000.00;1009000000.00;
0.00;0.00;0.00;0.00;0.00;0.00;0.00;0.00;0.00;0.00;686000000.00;0.00;6000000.00;0.00;5000000.00;5000000.00;6000000.00;5000000.00;16204999680.00;16254999552.00;15975000064.00;16177999872.00;15194999808.00;14871000064.00;14928000000.00;14906000384.00;0.00;0.00;0.00;0.00;0.00;0.00;0.00;0.00;571000000.00;357000000.00;816000000.00;357000000.00;1172000000.00;1252000000.00;1155000064.00;1200999936.00;380000000.00;347000000.00;1162000000.00;1207000064.00;316000000.00;1011000000.00;1006000000.00;
0.00;0.00;0.00;0.00;0.00;0.00;0.00;0.00;0.00;0.00;557000000.00;0.00;6000000.00;0.00;5000000.00;5000000.00;5000000.00;6000000.00;16650000384.00;16741000192.00;16974999552.00;16103000064.00;15111999488.00;15175999488.00;14922000384.00;14512000000.00;0.00;0.00;0.00;0.00;0.00;0.00;0.00;0.00;572000000.00;357000000.00;846000000.00;357000000.00;1166000000.00;1258000000.00;1155000064.00;1228999936.00;381000000.00;357000000.00;1148999936.00;1204000000.00;330000000.00;1062000000.00;993000000.00;
0.00;0.00;0.00;0.00;0.00;0.00;0.00;0.00;0.00;0.00;697000000.00;0.00;6000000.00;0.00;5000000.00;5000000.00;5000000.00;6000000.00;16167000064.00;16408000512.00;16053999616.00;16179999744.00;15292000256.00;15219000320.00;14897000448.00;14673000448.00;0.00;0.00;0.00;0.00;0.00;0.00;0.00;0.00;630000000.00;357000000.00;812000000.00;354000000.00;1167000064.00;1158000000.00;1255000064.00;1208000000.00;381000000.00;353000000.00;1142000000.00;1104000000.00;411000000.00;1056000000.00;990000000.00;
0.00;0.00;0.00;0.00;0.00;0.00;0.00;0.00;0.00;0.00;751000000.00;0.00;5000000.00;0.00;5000000.00;6000000.00;5000000.00;5000000.00;15927000064.00;16254000128.00;16039999488.00;15854000128.00;14995999744.00;15175000064.00;14808000512.00;14723000320.00;0.00;0.00;0.00;0.00;0.00;0.00;0.00;0.00;552000000.00;357000000.00;818000000.00;354000000.00;1266000000.00;1164000000.00;1155000064.00;1196999936.00;381000000.00;458000000.00;1168000000.00;1112000000.00;316000000.00;1008000000.00;1086000000.00;
0.00;0.00;0.00;0.00;0.00;0.00;0.00;0.00;0.00;0.00;700000000.00;0.00;5000000.00;0.00;5000000.00;6000000.00;5000000.00;5000000.00;16944000000.00;16320000000.00;15870999552.00;16236000256.00;14983000064.00;14933999616.00;14821000192.00;15066999808.00;0.00;0.00;0.00;0.00;0.00;0.00;0.00;0.00;577000000.00;361000000.00;826000000.00;359000000.00;1286000000.00;1152999936.00;1160999936.00;1190000000.00;378000000.00;352000000.00;1262000000.00;1123000064.00;331000000.00;1033000000.00;1021000000.00;
0.00;0.00;0.00;0.00;0.00;0.00;0.00;0.00;0.00;0.00;774000000.00;0.00;5000000.00;0.00;5000000.00;6000000.00;5000000.00;5000000.00;16412999680.00;16309000192.00;16051999744.00;16286000128.00;15089000448.00;14366000128.00;14664999936.00;15088000000.00;0.00;0.00;0.00;0.00;0.00;0.00;0.00;0.00;565000000.00;355000000.00;809000000.00;356000000.00;1171000064.00;1158000000.00;1258000000.00;1204999936.00;379000000.00;353000000.00;1176999936.00;1163000064.00;330000000.00;1042000000.00;1002000000.00;
0.00;0.00;0.00;0.00;0.00;0.00;0.00;0.00;0.00;0.00;702000000.00;0.00;5000000.00;0.00;5000000.00;5000000.00;5000000.00;6000000.00;16554000384.00;16871000064.00;16231999488.00;16549000192.00;15157999616.00;15059000320.00;14744000512.00;14915999744.00;0.00;0.00;0.00;0.00;0.00;0.00;0.00;0.00;578000000.00;358000000.00;821000000.00;357000000.00;1166000000.00;1164999936.00;1256999936.00;1195000064.00;382000000.00;350000000.00;1140000000.00;1207000064.00;330000000.00;1007000000.00;1038000000.00;
0.00;0.00;0.00;0.00;0.00;0.00;0.00;0.00;0.00;0.00;705000000.00;0.00;6000000.00;0.00;5000000.00;5000000.00;5000000.00;5000000.00;16312000512.00;16344999936.00;15964000256.00;16030000128.00;15091000320.00;15189999616.00;14967000064.00;15180999680.00;0.00;0.00;0.00;0.00;0.00;0.00;0.00;0.00;624000000.00;472000000.00;883000000.00;359000000.00;1164000000.00;1152999936.00;1263000064.00;1198000000.00;381000000.00;354000000.00;1164000000.00;1106000000.00;306000000.00;1124000000.00;996000000.00;
0.00;0.00;0.00;0.00;0.00;0.00;0.00;0.00;0.00;0.00;695000000.00;0.00;6000000.00;0.00;5000000.00;5000000.00;5000000.00;5000000.00;16604000256.00;17018999808.00;16888999936.00;16305999872.00;15116999680.00;15200000000.00;14933999616.00;14892000256.00;0.00;0.00;0.00;0.00;0.00;0.00;0.00;0.00;574000000.00;358000000.00;798000000.00;358000000.00;1178000000.00;1156999936.00;1254000000.00;1207000064.00;382000000.00;360000000.00;1150000000.00;1196999936.00;319000000.00;1043000000.00;995000000.00;
0.00;0.00;0.00;0.00;0.00;0.00;0.00;0.00;0.00;0.00;695000000.00;0.00;5000000.00;0.00;5000000.00;6000000.00;5000000.00;5000000.00;16286000128.00;16391999488.00;16001000448.00;16097999872.00;15192999936.00;15185000448.00;14910999552.00;15022999552.00;0.00;0.00;0.00;0.00;0.00;0.00;0.00;0.00;640000000.00;356000000.00;834000000.00;358000000.00;1168000000.00;1164000000.00;1283000064.00;1203000064.00;383000000.00;355000000.00;1139000064.00;1098000000.00;301000000.00;1122000000.00;996000000.00;
0.00;0.00;0.00;0.00;0.00;0.00;0.00;0.00;0.00;0.00;701000000.00;0.00;5000000.00;0.00;5000000.00;6000000.00;5000000.00;5000000.00;16163000320.00;16373000192.00;16172999680.00;15960999936.00;15020000256.00;15203000320.00;14842000384.00;15057999872.00;0.00;0.00;0.00;0.00;0.00;0.00;0.00;0.00;562000000.00;356000000.00;869000000.00;360000000.00;1164999936.00;1160000000.00;1154000000.00;1295000064.00;381000000.00;352000000.00;1155000064.00;1114000000.00;327000000.00;1036000000.00;1092000000.00;
0.00;0.00;0.00;0.00;0.00;0.00;0.00;0.00;0.00;0.00;752000000.00;0.00;6000000.00;0.00;5000000.00;5000000.00;5000000.00;5000000.00;16929999872.00;16531000320.00;15992000512.00;16215000064.00;15112999936.00;15303000064.00;14805000192.00;15064000512.00;0.00;0.00;0.00;0.00;0.00;0.00;0.00;0.00;571000000.00;359000000.00;938000000.00;359000000.00;1164999936.00;1184000000.00;1243000064.00;1328000000.00;383000000.00;358000000.00;1155000064.00;1092000000.00;321000000.00;1065000000.00;1104000000.00;
0.00;0.00;0.00;0.00;0.00;0.00;0.00;0.00;0.00;0.00;756000000.00;0.00;5000000.00;0.00;5000000.00;5000000.00;5000000.00;5000000.00;16369000448.00;16545999872.00;16126000128.00;16444999680.00;15080999936.00;14844999680.00;14670999552.00;15102000128.00;0.00;0.00;0.00;0.00;0.00;0.00;0.00;0.00;577000000.00;359000000.00;806000000.00;355000000.00;1256999936.00;1166000000.00;1152999936.00;1191000064.00;379000000.00;448000000.00;1168000000.00;1107000064.00;311000000.00;1016000000.00;1096999936.00;
0.00;0.00;0.00;0.00;0.00;0.00;0.00;0.00;0.00;0.00;696000000.00;0.00;5000000.00;0.00;5000000.00;6000000.00;5000000.00;5000000.00;16435999744.00;16812000256.00;16243999744.00;16631000064.00;15671000064.00;15493000192.00;15232000000.00;15527000064.00;0.00;0.00;0.00;0.00;0.00;0.00;0.00;0.00;642000000.00;360000000.00;830000000.00;361000000.00;1166000000.00;1156000000.00;1252000000.00;1204000000.00;383000000.00;358000000.00;1140999936.00;1095000064.00;412000000.00;1072000000.00;1008000000.00;
0.00;0.00;0.00;0.00;0.00;0.00;0.00;0.00;0.00;0.00;689000000.00;0.00;5000000.00;0.00;5000000.00;5000000.00;5000000.00;5000000.00;16551999488.00;16316999680.00;16074000384.00;16220999680.00;15569999872.00;15580000256.00;15381999616.00;15555000320.00;0.00;0.00;0.00;0.00;0.00;0.00;0.00;0.00;572000000.00;353000000.00;838000000.00;358000000.00;1172000000.00;1247000064.00;1156999936.00;1192999936.00;381000000.00;345000000.00;1156999936.00;1192000000.00;322000000.00;1051000000.00;1020000000.00;
0.00;0.00;0.00;0.00;0.00;0.00;0.00;0.00;0.00;0.00;769000000.00;0.00;5000000.00;0.00;5000000.00;5000000.00;5000000.00;6000000.00;16720000000.00;16757000192.00;16984999936.00;16371000320.00;15514000384.00;15685000192.00;15320999936.00;15377000448.00;0.00;0.00;0.00;0.00;0.00;0.00;0.00;0.00;564000000.00;356000000.00;945000000.00;401000000.00;1242000000.00;1156000000.00;1148999936.00;1308000000.00;381000000.00;355000000.00;1144999936.00;1090000000.00;311000000.00;1156000000.00;988000000.00;
0.00;0.00;0.00;0.00;0.00;0.00;0.00;0.00;0.00;0.00;752000000.00;0.00;6000000.00;0.00;5000000.00;5000000.00;5000000.00;5000000.00;16364000256.00;16643000320.00;15971000320.00;16117999616.00;15544999936.00;15576000512.00;15224000512.00;15516000256.00;0.00;0.00;0.00;0.00;0.00;0.00;0.00;0.00;620000000.00;360000000.00;830000000.00;355000000.00;1168999936.00;1152000000.00;1255000064.00;1208999936.00;382000000.00;356000000.00;1146000000.00;1111000064.00;406000000.00;1030000000.00;1015000000.00;
0.00;0.00;0.00;0.00;0.00;0.00;0.00;0.00;0.00;0.00;616000000.00;0.00;5000000.00;0.00;5000000.00;6000000.00;5000000.00;5000000.00;16316000256.00;16526999552.00;16300999680.00;16087000064.00;15608000512.00;15571999744.00;15431999488.00;15573000192.00;0.00;0.00;0.00;0.00;0.00;0.00;0.00;0.00;571000000.00;356000000.00;840000000.00;358000000.00;1171000064.00;1248000000.00;1159000064.00;1196999936.00;380000000.00;345000000.00;1156999936.00;1200000000.00;316000000.00;1038000000.00;984000000.00;
0.00;0.00;0.00;0.00;0.00;0.00;0.00;0.00;0.00;0.00;704000000.00;0.00;6000000.00;0.00;5000000.00;5000000.00;6000000.00;5000000.00;16952000512.00;16291999744.00;15996999680.00;16344999936.00;15534999552.00;15578999808.00;15299000320.00;15571999744.00;0.00;0.00;0.00;0.00;0.00;0.00;0.00;0.00;567000000.00;359000000.00;812000000.00;356000000.00;1268999936.00;1152000000.00;1152999936.00;1207000064.00;466000000.00;362000000.00;1168999936.00;1084999936.00;317000000.00;1039000000.00;1106000000.00;
0.00;0.00;0.00;0.00;0.00;0.00;0.00;0.00;0.00;0.00;690000000.00;0.00;6000000.00;0.00;5000000.00;5000000.00;5000000.00;5000000.00;16492999680.00;16663000064.00;16316999680.00;16433999872.00;15557999616.00;15425999872.00;15169999872.00;15504000000.00;0.00;0.00;0.00;0.00;0.00;0.00;0.00;0.00;652000000.00;360000000.00;838000000.00;356000000.00;1172000000.00;1156000000.00;1255000064.00;1191000064.00;379000000.00;350000000.00;1155000064.00;1071000000.00;329000000.00;1144000000.00;1003000000.00;
0.00;0.00;0.00;0.00;0.00;0.00;0.00;0.00;0.00;0.00;697000000.00;0.00;5000000.00;0.00;5000000.00;5000000.00;6000000.00;5000000.00;16563999744.00;16965999616.00;16183000064.00;16545000448.00;15907999744.00;15788999680.00;15555000320.00;15710999552.00;0.00;0.00;0.00;0.00;0.00;0.00;0.00;0.00;578000000.00;355000000.00;808000000.00;357000000.00;1258000000.00;1163000064.00;1156999936.00;1198000000.00;381000000.00;450000000.00;1156000000.00;1103000064.00;325000000.00;1045000000.00;1009000000.00;
0.00;0.00;0.00;0.00;0.00;0.00;0.00;0.00;0.00;0.00;742000000.00;0.00;36000000.00;0.00;6000000.00;6000000.00;6000000.00;5000000.00;16577999872.00;16257000448.00;16346999808.00;16350999552.00;15996999680.00;15832000512.00;15571999744.00;15866000384.00;0.00;0.00;0.00;0.00;0.00;0.00;0.00;0.00;572000000.00;358000000.00;828000000.00;356000000.00;1171000064.00;1252000000.00;1155000064.00;1194000000.00;381000000.00;354000000.00;1148000000.00;1204000000.00;322000000.00;1045000000.00;1002000000.00;
0.00;0.00;0.00;0.00;0.00;0.00;0.00;0.00;0.00;0.00;697000000.00;0.00;5000000.00;0.00;5000000.00;6000000.00;5000000.00;5000000.00;16826999808.00;16885000192.00;17015000064.00;16336000000.00;15779999744.00;15815999488.00;15511000064.00;15859000320.00;0.00;0.00;0.00;0.00;0.00;0.00;0.00;0.00;648000000.00;359000000.00;846000000.00;356000000.00;1170000000.00;1152000000.00;1256999936.00;1194000000.00;378000000.00;352000000.00;1170000000.00;1083000064.00;316000000.00;1156000000.00;988000000.00;
0.00;0.00;0.00;0.00;0.00;0.00;0.00;0.00;0.00;0.00;703000000.00;0.00;5000000.00;0.00;5000000.00;5000000.00;5000000.00;5000000.00;16428999680.00;16490000384.00;16088999936.00;16039000064.00;15797000192.00;15879000064.00;15489000448.00;15838000128.00;0.00;0.00;0.00;0.00;0.00;0.00;0.00;0.00;569000000.00;357000000.00;842000000.00;355000000.00;1264999936.00;1156999936.00;1164999936.00;1214000000.00;376000000.00;351000000.00;1240999936.00;1126000000.00;320000000.00;1067000000.00;994000000.00;
0.00;0.00;0.00;0.00;0.00;0.00;0.00;0.00;0.00;0.00;799000000.00;0.00;6000000.00;0.00;5000000.00;5000000.00;5000000.00;6000000.00;16122999808.00;16428000256.00;16282999808.00;16085000192.00;15809999872.00;15763000320.00;15719000064.00;15870999552.00;0.00;0.00;0.00;0.00;0.00;0.00;0.00;0.00;579000000.00;357000000.00;923000000.00;360000000.00;1167000064.00;1156999936.00;1184999936.00;1411000064.00;381000000.00;355000000.00;1168000000.00;1100999936.00;315000000.00;1124000000.00;1006000000.00;
0.00;0.00;0.00;0.00;0.00;0.00;0.00;0.00;0.00;0.00;700000000.00;0.00;5000000.00;0.00;6000000.00;5000000.00;6000000.00;5000000.00;16954000384.00;16615000064.00;16071999488.00;16327000064.00;15793000448.00;15904000000.00;15594999808.00;15843000320.00;0.00;0.00;0.00;0.00;0.00;0.00;0.00;0.00;566000000.00;356000000.00;827000000.00;354000000.00;1268999936.00;1156000000.00;1160999936.00;1204000000.00;378000000.00;351000000.00;1236999936.00;1111000064.00;337000000.00;1023000000.00;986000000.00;
0.00;0.00;0.00;0.00;0.00;0.00;0.00;0.00;0.00;0.00;699000000.00;0.00;6000000.00;0.00;5000000.00;5000000.00;5000000.00;5000000.00;16449000448.00;16492000256.00;16314000384.00;16510000128.00;16001000448.00;15619000320.00;15552000000.00;15859999744.00;0.00;0.00;0.00;0.00;0.00;0.00;0.00;0.00;576000000.00;358000000.00;834000000.00;356000000.00;1163000064.00;1159000064.00;1258000000.00;1196999936.00;383000000.00;352000000.00;1164999936.00;1195000064.00;320000000.00;1051000000.00;992000000.00;
0.00;0.00;0.00;0.00;0.00;0.00;0.00;0.00;0.00;0.00;753000000.00;0.00;5000000.00;0.00;5000000.00;5000000.00;5000000.00;5000000.00;16632000512.00;16860000256.00;16010999808.00;16755000320.00;15825000448.00;15758999552.00;15555999744.00;15745000448.00;0.00;0.00;0.00;0.00;0.00;0.00;0.00;0.00;572000000.00;357000000.00;804000000.00;448000000.00;1171000064.00;1164000000.00;1154000000.00;1288999936.00;379000000.00;350000000.00;1148999936.00;1098000000.00;317000000.00;980000000.00;1110000000.00;
0.00;0.00;0.00;0.00;0.00;0.00;0.00;0.00;0.00;0.00;559000000.00;0.00;5000000.00;0.00;5000000.00;6000000.00;5000000.00;5000000.00;16403999744.00;16224000000.00;16256000000.00;16391000064.00;15873000448.00;15932000256.00;15617000448.00;15982999552.00;0.00;0.00;0.00;0.00;0.00;0.00;0.00;0.00;579000000.00;356000000.00;831000000.00;359000000.00;1168999936.00;1260999936.00;1155000064.00;1199000064.00;379000000.00;345000000.00;1166000000.00;1206000000.00;333000000.00;981000000.00;999000000.00;
0.00;0.00;0.00;0.00;0.00;0.00;0.00;0.00;0.00;0.00;700000000.00;0.00;6000000.00;0.00;5000000.00;5000000.00;5000000.00;5000000.00;16691999744.00;16778999808.00;17080000512.00;16318000128.00;15804999680.00;15868000256.00;15530999808.00;15701000192.00;0.00;0.00;0.00;0.00;0.00;0.00;0.00;0.00;639000000.00;357000000.00;826000000.00;352000000.00;1166000000.00;1154000000.00;1267000064.00;1188999936.00;379000000.00;356000000.00;1152999936.00;1096999936.00;325000000.00;1172000000.00;1014000000.00;
0.00;0.00;0.00;0.00;0.00;0.00;0.00;0.00;0.00;0.00;700000000.00;0.00;5000000.00;0.00;5000000.00;6000000.00;5000000.00;5000000.00;16145000448.00;16641999872.00;16028999680.00;16044000256.00;15877000192.00;15932000256.00;15644999680.00;15829999616.00;0.00;0.00;0.00;0.00;0.00;0.00;0.00;0.00;566000000.00;357000000.00;831000000.00;359000000.00;1268000000.00;1154000000.00;1160999936.00;1206000000.00;380000000.00;347000000.00;1256000000.00;1100000000.00;321000000.00;1028000000.00;987000000.00;
0.00;0.00;0.00;0.00;0.00;0.00;0.00;0.00;0.00;0.00;799000000.00;0.00;5000000.00;0.00;6000000.00;5000000.00;5000000.00;5000000.00;16295000064.00;16266999808.00;16380999680.00;16334000128.00;15790999552.00;15751000064.00;15624999936.00;15875999744.00;0.00;0.00;0.00;0.00;0.00;0.00;0.00;0.00;576000000.00;444000000.00;822000000.00;358000000.00;1163000064.00;1162000000.00;1152999936.00;1300000000.00;381000000.00;356000000.00;1171000064.00;1116999936.00;319000000.00;1136999936.00;1001000000.00;
0.00;0.00;0.00;0.00;0.00;0.00;0.00;0.00;0.00;0.00;696000000.00;0.00;6000000.00;0.00;5000000.00;5000000.00;5000000.00;5000000.00;17230999552.00;16439000064.00;16394000384.00;16216000512.00;15886000128.00;15896999936.00;15580999680.00;15872000000.00;0.00;0.00;0.00;0.00;0.00;0.00;0.00;0.00;565000000.00;358000000.00;816000000.00;358000000.00;1259000064.00;1152999936.00;1156000000.00;1194000000.00;379000000.00;445000000.00;1155000064.00;1091000064.00;315000000.00;1060000000.00;1120000000.00;
0.00;0.00;0.00;0.00;0.00;0.00;0.00;0.00;0.00;0.00;687000000.00;0.00;5000000.00;0.00;5000000.00;6000000.00;5000000.00;5000000.00;16508999680.00;16485999616.00;16227000320.00;16536999936.00;15900000256.00;15637999616.00;15484000256.00;15809000448.00;0.00;0.00;0.00;0.00;0.00;0.00;0.00;0.00;569000000.00;357000000.00;814000000.00;356000000.00;1268999936.00;1198000000.00;1246000000.00;1211000064.00;379000000.00;355000000.00;1151000064.00;1194000000.00;331000000.00;1009000000.00;997000000.00;
0.00;0.00;0.00;0.00;0.00;0.00;0.00;0.00;0.00;0.00;750000000.00;0.00;6000000.00;0.00;5000000.00;5000000.00;5000000.00;6000000.00;16551000064.00;17022000128.00;16026999808.00;16808999936.00;15824000000.00;15770000384.00;15548000256.00;15708000256.00;0.00;0.00;0.00;0.00;0.00;0.00;0.00;0.00;569000000.00;355000000.00;889000000.00;358000000.00;1172000000.00;1156000000.00;1203000064.00;1299000064.00;382000000.00;355000000.00;1148999936.00;1092000000.00;319000000.00;1024000000.00;1131000064.00;
0.00;0.00;0.00;0.00;0.00;0.00;0.00;0.00;0.00;0.00;753000000.00;0.00;6000000.00;0.00;5000000.00;5000000.00;5000000.00;6000000.00;16453999616.00;16346999808.00;16016000000.00;16337999872.00;15836999680.00;15838999552.00;15811999744.00;15788000256.00;0.00;0.00;0.00;0.00;0.00;0.00;0.00;0.00;582000000.00;358000000.00;828000000.00;356000000.00;1168000000.00;1251000064.00;1159000064.00;1204000000.00;381000000.00;352000000.00;1152000000.00;1184999936.00;331000000.00;1022000000.00;1001000000.00;
0.00;0.00;0.00;0.00;0.00;0.00;0.00;0.00;0.00;0.00;682000000.00;0.00;5000000.00;0.00;6000000.00;5000000.00;5000000.00;5000000.00;16908999680.00;16881999872.00;17269999616.00;16298000384.00;15838000128.00;15884999680.00;15527999488.00;15754000384.00;0.00;0.00;0.00;0.00;0.00;0.00;0.00;0.00;551000000.00;358000000.00;811000000.00;356000000.00;1168999936.00;1155000064.00;1255000064.00;1204000000.00;382000000.00;356000000.00;1140000000.00;1184000000.00;324000000.00;1062000000.00;994000000.00;
0.00;0.00;0.00;0.00;0.00;0.00;0.00;0.00;0.00;0.00;703000000.00;0.00;5000000.00;0.00;5000000.00;6000000.00;5000000.00;5000000.00;16190999552.00;16353999872.00;16008999936.00;16085000192.00;15806999552.00;16069000192.00;15530000384.00;15982000128.00;0.00;0.00;0.00;0.00;0.00;0.00;0.00;0.00;576000000.00;357000000.00;834000000.00;357000000.00;1272000000.00;1156999936.00;1154000000.00;1195000064.00;378000000.00;450000000.00;1167000064.00;1095000064.00;313000000.00;1039000000.00;994000000.00;
0.00;0.00;0.00;0.00;0.00;0.00;0.00;0.00;0.00;0.00;698000000.00;0.00;5000000.00;0.00;5000000.00;5000000.00;5000000.00;5000000.00;16513000448.00;16231999488.00;16257999872.00;16227000320.00;15825000448.00;15767000064.00;15582999552.00;15840000000.00;0.00;0.00;0.00;0.00;0.00;0.00;0.00;0.00;626000000.00;357000000.00;833000000.00;356000000.00;1164999936.00;1155000064.00;1258000000.00;1199000064.00;381000000.00;348000000.00;1171000064.00;1096000000.00;412000000.00;1029000000.00;993000000.00;
0.00;0.00;0.00;0.00;0.00;0.00;0.00;0.00;0.00;0.00;695000000.00;0.00;5000000.00;0.00;5000000.00;6000000.00;5000000.00;5000000.00;17029000192.00;16513999872.00;16126999552.00;16366999552.00;15932999680.00;15811999744.00;15694999552.00;15838999552.00;0.00;0.00;0.00;0.00;0.00;0.00;0.00;0.00;558000000.00;358000000.00;808000000.00;452000000.00;1170000000.00;1154000000.00;1158000000.00;1199000064.00;499000000.00;408000000.00;1228999936.00;1124000000.00;320000000.00;1017000000.00;1119000064.00;
0.00;0.00;0.00;0.00;0.00;0.00;0.00;0.00;0.00;0.00;753000000.00;0.00;5000000.00;0.00;5000000.00;5000000.00;5000000.00;6000000.00;16675000320.00;16435999744.00;16282000384.00;16423000064.00;15859999744.00;15653000192.00;15525000192.00;15824000000.00;0.00;0.00;0.00;0.00;0.00;0.00;0.00;0.00;575000000.00;359000000.00;832000000.00;358000000.00;1164999936.00;1260000000.00;1156999936.00;1196999936.00;382000000.00;342000000.00;1162000000.00;1216000000.00;329000000.00;1036000000.00;998000000.00;
0.00;0.00;0.00;0.00;0.00;0.00;0.00;0.00;0.00;0.00;698000000.00;0.00;5000000.00;0.00;5000000.00;6000000.00;5000000.00;5000000.00;16766999552.00;16945999872.00;16174999552.00;16721999872.00;15955000320.00;15800000512.00;15543000064.00;15825999872.00;0.00;0.00;0.00;0.00;0.00;0.00;0.00;0.00;644000000.00;357000000.00;810000000.00;355000000.00;1163000064.00;1163000064.00;1258000000.00;1195000064.00;380000000.00;350000000.00;1164000000.00;1107000064.00;305000000.00;1107000064.00;991000000.00;
0.00;0.00;0.00;0.00;0.00;0.00;0.00;0.00;0.00;0.00;691000000.00;0.00;6000000.00;0.00;5000000.00;5000000.00;5000000.00;6000000.00;16307000320.00;16325999616.00;16005000192.00;16350999552.00;15841000448.00;15898999808.00;15640000512.00;15836999680.00;0.00;0.00;0.00;0.00;0.00;0.00;0.00;0.00;583000000.00;357000000.00;825000000.00;357000000.00;1264000000.00;1156999936.00;1159000064.00;1194000000.00;375000000.00;348000000.00;1252000000.00;1116999936.00;327000000.00;1028000000.00;1003000000.00;
0.00;0.00;0.00;0.00;0.00;0.00;0.00;0.00;0.00;0.00;789000000.00;0.00;5000000.00;0.00;5000000.00;5000000.00;6000000.00;5000000.00;16787000320.00;17057000448.00;17144999936.00;16318999552.00;15875999744.00;16003999744.00;15598000128.00;15692999680.00;0.00;0.00;0.00;0.00;0.00;0.00;0.00;0.00;568000000.00;359000000.00;823000000.00;356000000.00;1170000000.00;1255000064.00;1158000000.00;1187000064.00;384000000.00;354000000.00;1234000000.00;1100000000.00;320000000.00;1033000000.00;1008000000.00;
0.00;0.00;0.00;0.00;0.00;0.00;0.00;0.00;0.00;0.00;754000000.00;0.00;5000000.00;0.00;6000000.00;5000000.00;5000000.00;5000000.00;16254999552.00;16746000384.00;16058999808.00;16113000448.00;15808000000.00;15889000448.00;15525999616.00;15841999872.00;0.00;0.00;0.00;0.00;0.00;0.00;0.00;0.00;565000000.00;357000000.00;914000000.00;360000000.00;1167000064.00;1163000064.00;1199000064.00;1304999936.00;379000000.00;352000000.00;1171000064.00;1115000064.00;310000000.00;994000000.00;1154000000.00;
0.00;0.00;0.00;0.00;0.00;0.00;0.00;0.00;0.00;0.00;766000000.00;0.00;5000000.00;0.00;5000000.00;5000000.00;5000000.00;6000000.00;16147999744.00;16307000320.00;16476000256.00;16049000448.00;15905999872.00;15806999552.00;15571999744.00;15918000128.00;0.00;0.00;0.00;0.00;0.00;0.00;0.00;0.00;568000000.00;359000000.00;816000000.00;355000000.00;1168999936.00;1255000064.00;1151000064.00;1212000000.00;380000000.00;353000000.00;1168999936.00;1208000000.00;320000000.00;997000000.00;1000000000.00;
0.00;0.00;0.00;0.00;0.00;0.00;0.00;0.00;0.00;0.00;694000000.00;0.00;6000000.00;0.00;5000000.00;5000000.00;5000000.00;5000000.00;17066999808.00;16503000064.00;16051000320.00;16631000064.00;15822000128.00;15827000320.00;15569999872.00;15975000064.00;0.00;0.00;0.00;0.00;0.00;0.00;0.00;0.00;578000000.00;442000000.00;845000000.00;358000000.00;1168000000.00;1146000000.00;1234000000.00;1202000000.00;380000000.00;359000000.00;1166000000.00;1082000000.00;320000000.00;1147000064.00;999000000.00;
0.00;0.00;0.00;0.00;0.00;0.00;0.00;0.00;0.00;0.00;745000000.00;0.00;5000000.00;0.00;5000000.00;5000000.00;5000000.00;5000000.00;16798000128.00;16816000000.00;16624000000.00;16462000128.00;15870000128.00;15633000448.00;15459999744.00;15857999872.00;0.00;0.00;0.00;0.00;0.00;0.00;0.00;0.00;578000000.00;359000000.00;814000000.00;449000000.00;1172000000.00;1155000064.00;1152999936.00;1211000064.00;482000000.00;355000000.00;1148999936.00;1092000000.00;319000000.00;983000000.00;1102000000.00;
0.00;0.00;0.00;0.00;0.00;0.00;0.00;0.00;0.00;0.00;747000000.00;0.00;6000000.00;0.00;6000000.00;5000000.00;5000000.00;5000000.00;16700000256.00;16974000128.00;16019000320.00;16675000320.00;15854000128.00;15992999936.00;15534999552.00;15713000448.00;0.00;0.00;0.00;0.00;0.00;0.00;0.00;0.00;566000000.00;358000000.00;812000000.00;356000000.00;1206000000.00;1344000000.00;1151000064.00;1199000064.00;377000000.00;353000000.00;1267000064.00;1124999936.00;327000000.00;1046000000.00;994000000.00;
0.00;0.00;0.00;0.00;0.00;0.00;0.00;0.00;0.00;0.00;791000000.00;0.00;6000000.00;0.00;5000000.00;5000000.00;5000000.00;6000000.00;16643000320.00;16496000000.00;16040999936.00;16312999936.00;15843999744.00;15870000128.00;15635999744.00;15859999744.00;0.00;0.00;0.00;0.00;0.00;0.00;0.00;0.00;567000000.00;431000000.00;837000000.00;361000000.00;1176000000.00;1156000000.00;1278000000.00;1195000064.00;380000000.00;353000000.00;1160999936.00;1098000000.00;328000000.00;1112999936.00;1009000000.00;
0.00;0.00;0.00;0.00;0.00;0.00;0.00;0.00;0.00;0.00;756000000.00;0.00;5000000.00;0.00;6000000.00;5000000.00;5000000.00;6000000.00;16714000384.00;16984999936.00;17134999552.00;16700999680.00;15948999680.00;15891000320.00;15642000384.00;15688999936.00;0.00;0.00;0.00;0.00;0.00;0.00;0.00;0.00;565000000.00;443000000.00;823000000.00;360000000.00;1179000064.00;1160000000.00;1156000000.00;1300999936.00;379000000.00;351000000.00;1154000000.00;1110000000.00;305000000.00;1088000000.00;970000000.00;
0.00;0.00;0.00;0.00;0.00;0.00;0.00;0.00;0.00;0.00;757000000.00;0.00;8000000.00;0.00;6000000.00;7000000.00;6000000.00;6000000.00;16288000000.00;16632999936.00;16117999616.00;16161000448.00;15804999680.00;15889000448.00;15580000256.00;15822000128.00;0.00;0.00;0.00;0.00;0.00;0.00;0.00;0.00;570000000.00;359000000.00;830000000.00;360000000.00;1171000064.00;1256999936.00;1160000000.00;1200000000.00;377000000.00;353000000.00;1263000064.00;1096999936.00;328000000.00;1050000000.00;1013000000.00;
0.00;0.00;0.00;0.00;0.00;0.00;0.00;0.00;0.00;0.00;713000000.00;0.00;5000000.00;0.00;5000000.00;5000000.00;6000000.00;5000000.00;16136999936.00;16307000320.00;16268000256.00;16222000128.00;15788000256.00;15925999616.00;15626000384.00;15927000064.00;0.00;0.00;0.00;0.00;0.00;0.00;0.00;0.00;581000000.00;357000000.00;925000000.00;358000000.00;1166000000.00;1156000000.00;1151000064.00;1304999936.00;380000000.00;347000000.00;1152000000.00;1111000064.00;321000000.00;1124000000.00;991000000.00;
0.00;0.00;0.00;0.00;0.00;0.00;0.00;0.00;0.00;0.00;690000000.00;0.00;6000000.00;0.00;5000000.00;5000000.00;5000000.00;5000000.00;17036000256.00;16563999744.00;16037999616.00;16391000064.00;15852999680.00;15923999744.00;15580999680.00;15806000128.00;0.00;0.00;0.00;0.00;0.00;0.00;0.00;0.00;568000000.00;358000000.00;808000000.00;354000000.00;1247000064.00;1156000000.00;1150000000.00;1208000000.00;384000000.00;351000000.00;1256000000.00;1094000000.00;323000000.00;1000000000.00;995000000.00;
0.00;0.00;0.00;0.00;0.00;0.00;0.00;0.00;0.00;0.00;782000000.00;0.00;6000000.00;0.00;5000000.00;5000000.00;5000000.00;5000000.00;16599000064.00;16691000320.00;16348000256.00;16570000384.00;15875999744.00;15626000384.00;15582999552.00;15836999680.00;0.00;0.00;0.00;0.00;0.00;0.00;0.00;0.00;574000000.00;355000000.00;831000000.00;357000000.00;1164000000.00;1152000000.00;1254000000.00;1192000000.00;380000000.00;357000000.00;1148999936.00;1074000000.00;426000000.00;1056000000.00;995000000.00;
0.00;0.00;0.00;0.00;0.00;0.00;0.00;0.00;0.00;0.00;698000000.00;0.00;6000000.00;0.00;5000000.00;5000000.00;5000000.00;6000000.00;16558000128.00;17054999552.00;16060000256.00;16757000192.00;15845999616.00;15804999680.00;15520000000.00;15690999808.00;0.00;0.00;0.00;0.00;0.00;0.00;0.00;0.00;566000000.00;359000000.00;925000000.00;358000000.00;1176000000.00;1158000000.00;1154000000.00;1295000064.00;385000000.00;348000000.00;1150000000.00;1100999936.00;327000000.00;1011000000.00;1132999936.00;
0.00;0.00;0.00;0.00;0.00;0.00;0.00;0.00;0.00;0.00;699000000.00;0.00;5000000.00;0.00;5000000.00;5000000.00;5000000.00;6000000.00;16672000000.00;16416000000.00;16204000256.00;16346000384.00;15952000000.00;15893999616.00;15676999680.00;15863000064.00;0.00;0.00;0.00;0.00;0.00;0.00;0.00;0.00;574000000.00;360000000.00;833000000.00;357000000.00;1164999936.00;1248999936.00;1152000000.00;1206000000.00;379000000.00;349000000.00;1251000064.00;1108999936.00;318000000.00;1005000000.00;1034000000.00;
0.00;0.00;0.00;0.00;0.00;0.00;0.00;0.00;0.00;0.00;788000000.00;0.00;5000000.00;0.00;6000000.00;5000000.00;6000000.00;5000000.00;16750000128.00;17073999872.00;17121000448.00;16348000256.00;15827000320.00;15918999552.00;15498000384.00;15880999936.00;0.00;0.00;0.00;0.00;0.00;0.00;0.00;0.00;565000000.00;359000000.00;839000000.00;358000000.00;1172000000.00;1258000000.00;1152999936.00;1202000000.00;380000000.00;353000000.00;1146000000.00;1196999936.00;323000000.00;1052000000.00;1003000000.00;
0.00;0.00;0.00;0.00;0.00;0.00;0.00;0.00;0.00;0.00;748000000.00;0.00;6000000.00;0.00;5000000.00;5000000.00;5000000.00;5000000.00;16257000448.00;16737999872.00;16124999680.00;16346999808.00;15799000064.00;15889999872.00;15512000512.00;15818000384.00;0.00;0.00;0.00;0.00;0.00;0.00;0.00;0.00;573000000.00;357000000.00;934000000.00;360000000.00;1171000064.00;1164000000.00;1168999936.00;1304999936.00;385000000.00;354000000.00;1148000000.00;1104000000.00;330000000.00;1082000000.00;1095000064.00;
0.00;0.00;0.00;0.00;0.00;0.00;0.00;0.00;0.00;0.00;698000000.00;0.00;5000000.00;0.00;5000000.00;6000000.00;5000000.00;5000000.00;16172000256.00;16334000128.00;16170999808.00;16062000128.00;15797999616.00;15788999680.00;15694000128.00;15879999488.00;0.00;0.00;0.00;0.00;0.00;0.00;0.00;0.00;576000000.00;357000000.00;824000000.00;358000000.00;1164999936.00;1160000000.00;1260999936.00;1200999936.00;380000000.00;350000000.00;1164000000.00;1207000064.00;328000000.00;1033000000.00;1066000000.00;
0.00;0.00;0.00;0.00;0.00;0.00;0.00;0.00;0.00;0.00;758000000.00;0.00;6000000.00;0.00;5000000.00;5000000.00;5000000.00;6000000.00;17143000064.00;16677999616.00;16113000448.00;16440000512.00;15879999488.00;15886999552.00;15568000000.00;15806000128.00;0.00;0.00;0.00;0.00;0.00;0.00;0.00;0.00;572000000.00;356000000.00;914000000.00;360000000.00;1166000000.00;1160000000.00;1151000064.00;1302000000.00;383000000.00;355000000.00;1144000000.00;1084999936.00;308000000.00;1144000000.00;1032000000.00;
0.00;0.00;0.00;0.00;0.00;0.00;0.00;0.00;0.00;0.00;701000000.00;0.00;5000000.00;0.00;6000000.00;5000000.00;5000000.00;5000000.00;16542999552.00;16627000320.00;16316000256.00;16508999680.00;15864000512.00;15811999744.00;15461000192.00;15944999936.00;0.00;0.00;0.00;0.00;0.00;0.00;0.00;0.00;567000000.00;360000000.00;828000000.00;357000000.00;1262000000.00;1148000000.00;1163000064.00;1244000000.00;386000000.00;351000000.00;1246000000.00;1111000064.00;325000000.00;1017000000.00;997000000.00;
0.00;0.00;0.00;0.00;0.00;0.00;0.00;0.00;0.00;0.00;696000000.00;0.00;5000000.00;0.00;5000000.00;6000000.00;5000000.00;5000000.00;16679000064.00;17009999872.00;16161999872.00;16792000512.00;15710999552.00;15836000256.00;15536000000.00;15749000192.00;0.00;0.00;0.00;0.00;0.00;0.00;0.00;0.00;556000000.00;355000000.00;825000000.00;359000000.00;1160000000.00;1152999936.00;1268999936.00;1204999936.00;383000000.00;348000000.00;1166000000.00;1228000000.00;314000000.00;1052000000.00;997000000.00;
0.00;0.00;0.00;0.00;0.00;0.00;0.00;0.00;0.00;0.00;694000000.00;0.00;5000000.00;0.00;5000000.00;5000000.00;5000000.00;5000000.00;16577000448.00;16364000256.00;16016000000.00;16346999808.00;15784999936.00;15996000256.00;15448000512.00;15866999808.00;0.00;0.00;0.00;0.00;0.00;0.00;0.00;0.00;577000000.00;358000000.00;821000000.00;469000000.00;1292999936.00;1154000000.00;1156999936.00;1298000000.00;380000000.00;352000000.00;1168999936.00;1074000000.00;310000000.00;1027000000.00;1284000000.00;
0.00;0.00;0.00;0.00;0.00;0.00;0.00;0.00;0.00;0.00;748000000.00;0.00;5000000.00;0.00;5000000.00;5000000.00;6000000.00;5000000.00;16860000256.00;17024000000.00;17073999872.00;16403000320.00;15880999936.00;15736000512.00;15452999680.00;15708000256.00;0.00;0.00;0.00;0.00;0.00;0.00;0.00;0.00;562000000.00;356000000.00;828000000.00;354000000.00;1262000000.00;1152999936.00;1152000000.00;1199000064.00;382000000.00;451000000.00;1123000064.00;1103000064.00;317000000.00;1047000000.00;1008000000.00;
0.00;0.00;0.00;0.00;0.00;0.00;0.00;0.00;0.00;0.00;697000000.00;0.00;5000000.00;0.00;5000000.00;5000000.00;5000000.00;5000000.00;16254000128.00;16611999744.00;16382999552.00;16231999488.00;15943000064.00;15893999616.00;15454000128.00;15866999808.00;0.00;0.00;0.00;0.00;0.00;0.00;0.00;0.00;572000000.00;358000000.00;825000000.00;354000000.00;1171000064.00;1159000064.00;1255000064.00;1195000064.00;379000000.00;350000000.00;1176999936.00;1203000064.00;327000000.00;1074000000.00;994000000.00;
0.00;0.00;0.00;0.00;0.00;0.00;0.00;0.00;0.00;0.00;750000000.00;0.00;5000000.00;0.00;5000000.00;5000000.00;6000000.00;5000000.00;16263000064.00;16353999872.00;16533999616.00;16080000000.00;15852000256.00;15806000128.00;15576000512.00;15808000000.00;0.00;0.00;0.00;0.00;0.00;0.00;0.00;0.00;579000000.00;355000000.00;812000000.00;356000000.00;1264999936.00;1156999936.00;1204000000.00;1192000000.00;378000000.00;451000000.00;1154000000.00;1096000000.00;313000000.00;1012000000.00;991000000.00;
0.00;0.00;0.00;0.00;0.00;0.00;0.00;0.00;0.00;0.00;748000000.00;0.00;6000000.00;0.00;6000000.00;5000000.00;6000000.00;5000000.00;17248999424.00;16616999936.00;16030000128.00;16570999808.00;15857999872.00;16028000256.00;15536000000.00;15811999744.00;0.00;0.00;0.00;0.00;0.00;0.00;0.00;0.00;576000000.00;359000000.00;821000000.00;357000000.00;1172000000.00;1259000064.00;1159000064.00;1199000064.00;381000000.00;353000000.00;1252999936.00;1104000000.00;325000000.00;1046000000.00;993000000.00;
0.00;0.00;0.00;0.00;0.00;0.00;0.00;0.00;0.00;0.00;695000000.00;0.00;5000000.00;0.00;6000000.00;5000000.00;5000000.00;5000000.00;16672000000.00;16652999680.00;16396000256.00;16705000448.00;15845000192.00;15628000256.00;15461999616.00;15829000192.00;0.00;0.00;0.00;0.00;0.00;0.00;0.00;0.00;571000000.00;436000000.00;841000000.00;358000000.00;1160999936.00;1151000064.00;1147000064.00;1400000000.00;402000000.00;399000000.00;1158000000.00;1127000064.00;322000000.00;1184999936.00;1000000000.00;
0.00;0.00;0.00;0.00;0.00;0.00;0.00;0.00;0.00;0.00;755000000.00;0.00;6000000.00;0.00;5000000.00;5000000.00;5000000.00;5000000.00;16780999680.00;17116000256.00;16133000192.00;17061000192.00;15763999744.00;15834999808.00;15548000256.00;15761999872.00;0.00;0.00;0.00;0.00;0.00;0.00;0.00;0.00;569000000.00;358000000.00;902000000.00;358000000.00;1168000000.00;1170000000.00;1159000064.00;1300000000.00;384000000.00;354000000.00;1158000000.00;1098000000.00;316000000.00;1019000000.00;1092999936.00;
0.00;0.00;0.00;0.00;0.00;0.00;0.00;0.00;0.00;0.00;756000000.00;0.00;5000000.00;0.00;6000000.00;5000000.00;5000000.00;5000000.00;16540999680.00;16542999552.00;16140999680.00;16177999872.00;15825999872.00;15916999680.00;15681999872.00;15912999936.00;0.00;0.00;0.00;0.00;0.00;0.00;0.00;0.00;570000000.00;359000000.00;811000000.00;355000000.00;1172000000.00;1254000000.00;1158000000.00;1208000000.00;377000000.00;352000000.00;1256000000.00;1095000064.00;329000000.00;999000000.00;992000000.00;
0.00;0.00;0.00;0.00;0.00;0.00;0.00;0.00;0.00;0.00;702000000.00;0.00;5000000.00;0.00;5000000.00;92000000.00;5000000.00;5000000.00;16878000128.00;17024000000.00;17272999936.00;16432000000.00;15768000512.00;15784999936.00;15521000448.00;15756000256.00;0.00;0.00;0.00;0.00;0.00;0.00;0.00;0.00;574000000.00;358000000.00;835000000.00;355000000.00;1167000064.00;1286000000.00;1155000064.00;1207000064.00;383000000.00;348000000.00;1144000000.00;1215000064.00;330000000.00;1006000000.00;1008000000.00;
0.00;0.00;0.00;0.00;0.00;0.00;0.00;0.00;0.00;0.00;752000000.00;0.00;5000000.00;0.00;5000000.00;6000000.00;5000000.00;5000000.00;16337999872.00;16675000320.00;16232999936.00;16437999616.00;15770000384.00;15939000320.00;15443999744.00;15944999936.00;0.00;0.00;0.00;0.00;0.00;0.00;0.00;0.00;583000000.00;357000000.00;918000000.00;354000000.00;1164000000.00;1162000000.00;1160999936.00;1292999936.00;377000000.00;354000000.00;1155000064.00;1096000000.00;317000000.00;999000000.00;1104000000.00;
0.00;0.00;0.00;0.00;0.00;0.00;0.00;0.00;0.00;0.00;695000000.00;0.00;5000000.00;0.00;5000000.00;6000000.00;5000000.00;5000000.00;16257000448.00;16563999744.00;16465999872.00;16135999488.00;15822999552.00;15824000000.00;15655999488.00;15838000128.00;0.00;0.00;0.00;0.00;0.00;0.00;0.00;0.00;566000000.00;357000000.00;827000000.00;354000000.00;1168000000.00;1254000000.00;1156999936.00;1202000000.00;382000000.00;357000000.00;1151000064.00;1212000000.00;318000000.00;1019000000.00;987000000.00;
0.00;0.00;0.00;0.00;0.00;0.00;0.00;0.00;0.00;0.00;706000000.00;0.00;6000000.00;0.00;5000000.00;5000000.00;6000000.00;5000000.00;17141999616.00;16444999680.00;16085000192.00;16613000192.00;16005000192.00;15898999808.00;15672999936.00;15896000512.00;0.00;0.00;0.00;0.00;0.00;0.00;0.00;0.00;649000000.00;359000000.00;827000000.00;360000000.00;1172999936.00;1164000000.00;1236000000.00;1200000000.00;382000000.00;357000000.00;1278000000.00;1250000000.00;326000000.00;1096000000.00;994000000.00;
0.00;0.00;0.00;0.00;0.00;0.00;0.00;0.00;0.00;0.00;750000000.00;0.00;6000000.00;0.00;5000000.00;5000000.00;5000000.00;6000000.00;16723000320.00;16680999936.00;16510000128.00;16714999808.00;15905999872.00;15653000192.00;15491999744.00;15840000000.00;0.00;0.00;0.00;0.00;0.00;0.00;0.00;0.00;562000000.00;359000000.00;907000000.00;357000000.00;1170000000.00;1162000000.00;1158000000.00;1300999936.00;380000000.00;359000000.00;1148000000.00;1096000000.00;322000000.00;1120999936.00;1001000000.00;
0.00;0.00;0.00;0.00;0.00;0.00;0.00;0.00;0.00;0.00;694000000.00;0.00;6000000.00;0.00;5000000.00;5000000.00;5000000.00;5000000.00;16670000128.00;17098000384.00;16400000000.00;16704000000.00;16295999488.00;15987999744.00;15706999808.00;15848999936.00;0.00;0.00;0.00;0.00;0.00;0.00;0.00;0.00;573000000.00;358000000.00;937000000.00;356000000.00;1170000000.00;1160000000.00;1156999936.00;1282000000.00;383000000.00;356000000.00;1170000000.00;1106000000.00;324000000.00;1059000000.00;1106000000.00;
0.00;0.00;0.00;0.00;0.00;0.00;0.00;0.00;0.00;0.00;700000000.00;0.00;5000000.00;0.00;5000000.00;5000000.00;6000000.00;5000000.00;16728999936.00;16643999744.00;16259000320.00;16494000128.00;16158000128.00;16096000000.00;15850000384.00;15985999872.00;0.00;0.00;0.00;0.00;0.00;0.00;0.00;0.00;564000000.00;356000000.00;816000000.00;356000000.00;1266000000.00;1158000000.00;1150000000.00;1202000000.00;478000000.00;352000000.00;1158000000.00;1108000000.00;326000000.00;992000000.00;1106000000.00;
0.00;0.00;0.00;0.00;0.00;0.00;0.00;0.00;0.00;0.00;686000000.00;0.00;6000000.00;0.00;6000000.00;6000000.00;4000000.00;4000000.00;16888000512.00;17191999488.00;17123999744.00;16693999616.00;16106000384.00;16222000128.00;15802000384.00;15800000512.00;0.00;0.00;0.00;0.00;0.00;0.00;0.00;0.00;576000000.00;356000000.00;920000000.00;358000000.00;1170000000.00;1150000000.00;1150000000.00;1300000000.00;384000000.00;356000000.00;1152000000.00;1092000000.00;300000000.00;1012000000.00;1090000000.00;
0.00;0.00;0.00;0.00;0.00;0.00;0.00;0.00;0.00;0.00;700000000.00;0.00;4000000.00;0.00;4000000.00;4000000.00;8000000.00;4000000.00;16419999744.00;16867999744.00;16085999616.00;16213999616.00;16051999744.00;16167999488.00;15804000256.00;15928000512.00;0.00;0.00;0.00;0.00;0.00;0.00;0.00;0.00;574000000.00;356000000.00;822000000.00;358000000.00;1260000000.00;1156000000.00;1158000000.00;1298000000.00;404000000.00;408000000.00;1232000000.00;1120000000.00;320000000.00;1012000000.00;1004000000.00;
0.00;0.00;0.00;0.00;0.00;0.00;0.00;0.00;0.00;0.00;692000000.00;0.00;6000000.00;0.00;6000000.00;4000000.00;4000000.00;6000000.00;16430000128.00;16632000512.00;16227999744.00;16467999744.00;16080000000.00;15985999872.00;15948000256.00;15918000128.00;0.00;0.00;0.00;0.00;0.00;0.00;0.00;0.00;576000000.00;358000000.00;854000000.00;354000000.00;1164000000.00;1256000000.00;1160000000.00;1202000000.00;382000000.00;352000000.00;1166000000.00;1192000000.00;318000000.00;1056000000.00;1008000000.00;
0.00;0.00;0.00;0.00;0.00;0.00;0.00;0.00;0.00;0.00;688000000.00;0.00;6000000.00;0.00;6000000.00;6000000.00;4000000.00;4000000.00;17146000384.00;16602000384.00;16355999744.00;16410000384.00;15962000384.00;15989999616.00;15994000384.00;16012000256.00;0.00;0.00;0.00;0.00;0.00;0.00;0.00;0.00;572000000.00;356000000.00;832000000.00;356000000.00;1168000000.00;1264000000.00;1154000000.00;1202000000.00;380000000.00;352000000.00;1156000000.00;1192000000.00;324000000.00;1060000000.00;988000000.00;
0.00;0.00;0.00;0.00;0.00;0.00;0.00;0.00;0.00;0.00;750000000.00;0.00;6000000.00;0.00;4000000.00;6000000.00;6000000.00;4000000.00;16931999744.00;16688000000.00;16467999744.00;16519999488.00;16097999872.00;15751999488.00;15646000128.00;16048000000.00;0.00;0.00;0.00;0.00;0.00;0.00;0.00;0.00;630000000.00;356000000.00;832000000.00;360000000.00;1172000000.00;1156000000.00;1252000000.00;1212000000.00;380000000.00;358000000.00;1146000000.00;1112000000.00;320000000.00;1132000000.00;990000000.00;
0.00;0.00;0.00;0.00;0.00;0.00;0.00;0.00;0.00;0.00;754000000.00;0.00;4000000.00;0.00;6000000.00;4000000.00;6000000.00;6000000.00;16784000000.00;17036000256.00;16458000384.00;16803999744.00;16122000384.00;16165999616.00;15649999872.00;16060000256.00;0.00;0.00;0.00;0.00;0.00;0.00;0.00;0.00;650000000.00;356000000.00;852000000.00;356000000.00;1168000000.00;1164000000.00;1268000000.00;1194000000.00;382000000.00;350000000.00;1182000000.00;1092000000.00;416000000.00;1032000000.00;996000000.00;
0.00;0.00;0.00;0.00;0.00;0.00;0.00;0.00;0.00;0.00;694000000.00;0.00;4000000.00;0.00;4000000.00;4000000.00;8000000.00;4000000.00;16874000384.00;16323999744.00;16241999872.00;16563999744.00;16211999744.00;16028000256.00;15850000384.00;15966000128.00;0.00;0.00;0.00;0.00;0.00;0.00;0.00;0.00;560000000.00;358000000.00;892000000.00;360000000.00;1170000000.00;1156000000.00;1150000000.00;1290000000.00;382000000.00;352000000.00;1166000000.00;1104000000.00;316000000.00;1148000000.00;1008000000.00;
0.00;0.00;0.00;0.00;0.00;0.00;0.00;0.00;0.00;0.00;700000000.00;0.00;4000000.00;0.00;4000000.00;4000000.00;6000000.00;6000000.00;17095999488.00;17089999872.00;17230000128.00;16796000256.00;16056000512.00;16216000512.00;15795999744.00;15792000000.00;0.00;0.00;0.00;0.00;0.00;0.00;0.00;0.00;628000000.00;378000000.00;918000000.00;372000000.00;1198000000.00;1158000000.00;1250000000.00;1190000000.00;384000000.00;356000000.00;1172000000.00;1196000000.00;328000000.00;1020000000.00;1004000000.00;
0.00;0.00;0.00;0.00;0.00;0.00;0.00;0.00;0.00;0.00;740000000.00;0.00;6000000.00;0.00;4000000.00;8000000.00;4000000.00;4000000.00;16659999744.00;16563999744.00;16295999488.00;16291999744.00;16099999744.00;16124000256.00;15797999616.00;15921999872.00;0.00;0.00;0.00;0.00;0.00;0.00;0.00;0.00;580000000.00;358000000.00;906000000.00;360000000.00;1166000000.00;1158000000.00;1160000000.00;1312000000.00;384000000.00;352000000.00;1184000000.00;1098000000.00;316000000.00;1110000000.00;984000000.00;
0.00;0.00;0.00;0.00;0.00;0.00;0.00;0.00;0.00;0.00;766000000.00;0.00;4000000.00;0.00;6000000.00;4000000.00;6000000.00;6000000.00;16428000256.00;16748000256.00;16419999744.00;16339999744.00;16259999744.00;16035999744.00;16003999744.00;15920000000.00;0.00;0.00;0.00;0.00;0.00;0.00;0.00;0.00;568000000.00;356000000.00;812000000.00;448000000.00;1168000000.00;1160000000.00;1156000000.00;1202000000.00;482000000.00;358000000.00;1142000000.00;1100000000.00;316000000.00;1020000000.00;1108000000.00;
0.00;0.00;0.00;0.00;0.00;0.00;0.00;0.00;0.00;0.00;698000000.00;0.00;6000000.00;0.00;4000000.00;6000000.00;6000000.00;4000000.00;17116000256.00;16725999616.00;16252000256.00;16465999872.00;16016000000.00;16060000256.00;15891999744.00;16131999744.00;0.00;0.00;0.00;0.00;0.00;0.00;0.00;0.00;574000000.00;354000000.00;826000000.00;446000000.00;1172000000.00;1158000000.00;1154000000.00;1204000000.00;478000000.00;358000000.00;1156000000.00;1084000000.00;314000000.00;1006000000.00;1120000000.00;
0.00;0.00;0.00;0.00;0.00;0.00;0.00;0.00;0.00;0.00;696000000.00;0.00;6000000.00;0.00;4000000.00;8000000.00;4000000.00;4000000.00;16928000000.00;16691999744.00;16513999872.00;16638000128.00;16259999744.00;15824000000.00;15756000256.00;16048000000.00;0.00;0.00;0.00;0.00;0.00;0.00;0.00;0.00;580000000.00;360000000.00;814000000.00;358000000.00;1272000000.00;1158000000.00;1154000000.00;1188000000.00;380000000.00;450000000.00;1166000000.00;1112000000.00;308000000.00;1008000000.00;992000000.00;
0.00;0.00;0.00;0.00;0.00;0.00;0.00;0.00;0.00;0.00;744000000.00;0.00;6000000.00;0.00;4000000.00;6000000.00;6000000.00;4000000.00;16752000000.00;17218000896.00;16248000512.00;16798000128.00;16120000512.00;16088000512.00;15832000512.00;16080000000.00;0.00;0.00;0.00;0.00;0.00;0.00;0.00;0.00;612000000.00;360000000.00;826000000.00;358000000.00;1264000000.00;1196000000.00;1152000000.00;1200000000.00;384000000.00;448000000.00;1160000000.00;1118000000.00;324000000.00;1014000000.00;1110000000.00;
0.00;0.00;0.00;0.00;0.00;0.00;0.00;0.00;0.00;0.00;740000000.00;0.00;6000000.00;0.00;6000000.00;4000000.00;4000000.00;6000000.00;16650000384.00;16615999488.00;16336000000.00;16272000000.00;16160000000.00;16126000128.00;15904000000.00;16044000256.00;0.00;0.00;0.00;0.00;0.00;0.00;0.00;0.00;564000000.00;356000000.00;828000000.00;356000000.00;1268000000.00;1164000000.00;1154000000.00;1196000000.00;378000000.00;350000000.00;1242000000.00;1106000000.00;310000000.00;1010000000.00;1024000000.00;
0.00;0.00;0.00;0.00;0.00;0.00;0.00;0.00;0.00;0.00;794000000.00;0.00;6000000.00;0.00;4000000.00;6000000.00;6000000.00;4000000.00;16780000256.00;17168000000.00;17208000512.00;16368000000.00;16071999488.00;16160000000.00;15804000256.00;15872000000.00;0.00;0.00;0.00;0.00;0.00;0.00;0.00;0.00;574000000.00;358000000.00;816000000.00;356000000.00;1264000000.00;1160000000.00;1156000000.00;1196000000.00;378000000.00;350000000.00;1256000000.00;1202000000.00;338000000.00;1136000000.00;1012000000.00;
0.00;0.00;0.00;0.00;0.00;0.00;0.00;0.00;0.00;0.00;744000000.00;0.00;6000000.00;0.00;4000000.00;6000000.00;6000000.00;4000000.00;16336000000.00;16801999872.00;16309999616.00;16348000256.00;16037999616.00;16112000000.00;15804000256.00;16067999744.00;0.00;0.00;0.00;0.00;0.00;0.00;0.00;0.00;570000000.00;358000000.00;816000000.00;352000000.00;1172000000.00;1252000000.00;1162000000.00;1186000000.00;384000000.00;356000000.00;1146000000.00;1178000000.00;338000000.00;1078000000.00;996000000.00;
0.00;0.00;0.00;0.00;0.00;0.00;0.00;0.00;0.00;0.00;700000000.00;0.00;4000000.00;0.00;4000000.00;4000000.00;6000000.00;6000000.00;16460000256.00;16405999616.00;16469999616.00;16369999872.00;16186000384.00;16039999488.00;15884000256.00;16224000000.00;0.00;0.00;0.00;0.00;0.00;0.00;0.00;0.00;578000000.00;356000000.00;818000000.00;352000000.00;1168000000.00;1156000000.00;1236000000.00;1196000000.00;384000000.00;352000000.00;1152000000.00;1202000000.00;326000000.00;1056000000.00;996000000.00;
0.00;0.00;0.00;0.00;0.00;0.00;0.00;0.00;0.00;0.00;700000000.00;0.00;6000000.00;0.00;8000000.00;4000000.00;4000000.00;6000000.00;17323999232.00;16478000128.00;16280000512.00;16426000384.00;16085999616.00;16092000256.00;15888000000.00;16163999744.00;0.00;0.00;0.00;0.00;0.00;0.00;0.00;0.00;638000000.00;358000000.00;852000000.00;356000000.00;1168000000.00;1160000000.00;1256000000.00;1196000000.00;376000000.00;356000000.00;1150000000.00;1126000000.00;424000000.00;1024000000.00;1004000000.00;
0.00;0.00;0.00;0.00;0.00;0.00;0.00;0.00;0.00;0.00;698000000.00;0.00;6000000.00;0.00;4000000.00;8000000.00;4000000.00;4000000.00;16736000000.00;16645999616.00;16346000384.00;16755999744.00;16179999744.00;15882000384.00;15745999872.00;16440000512.00;0.00;0.00;0.00;0.00;0.00;0.00;0.00;0.00;644000000.00;362000000.00;876000000.00;358000000.00;1166000000.00;1156000000.00;1252000000.00;1204000000.00;384000000.00;356000000.00;1142000000.00;1104000000.00;410000000.00;1050000000.00;1010000000.00;
0.00;0.00;0.00;0.00;0.00;0.00;0.00;0.00;0.00;0.00;754000000.00;0.00;8000000.00;0.00;6000000.00;6000000.00;4000000.00;4000000.00;16860000256.00;17080000512.00;16216000512.00;16851999744.00;15888000000.00;16044000256.00;15840000000.00;15980000256.00;0.00;0.00;0.00;0.00;0.00;0.00;0.00;0.00;636000000.00;360000000.00;818000000.00;358000000.00;1164000000.00;1194000000.00;1246000000.00;1194000000.00;382000000.00;350000000.00;1158000000.00;1090000000.00;324000000.00;1142000000.00;1002000000.00;
0.00;0.00;0.00;0.00;0.00;0.00;0.00;0.00;0.00;0.00;688000000.00;0.00;4000000.00;0.00;4000000.00;4000000.00;6000000.00;6000000.00;16547999744.00;16668000256.00;16448000000.00;16440000512.00;15888000000.00;16129999872.00;15729999872.00;16076000256.00;0.00;0.00;0.00;0.00;0.00;0.00;0.00;0.00;572000000.00;356000000.00;888000000.00;356000000.00;1176000000.00;1152000000.00;1158000000.00;1310000000.00;382000000.00;350000000.00;1168000000.00;1108000000.00;324000000.00;1020000000.00;1088000000.00;
0.00;0.00;0.00;0.00;0.00;0.00;0.00;0.00;0.00;0.00;690000000.00;0.00;6000000.00;0.00;6000000.00;6000000.00;4000000.00;6000000.00;16833999872.00;17061999616.00;17245999104.00;16526000128.00;16053999616.00;15957999616.00;15568000000.00;15975999488.00;0.00;0.00;0.00;0.00;0.00;0.00;0.00;0.00;580000000.00;356000000.00;924000000.00;360000000.00;1170000000.00;1152000000.00;1152000000.00;1282000000.00;380000000.00;360000000.00;1152000000.00;1104000000.00;328000000.00;1142000000.00;1016000000.00;
0.00;0.00;0.00;0.00;0.00;0.00;0.00;0.00;0.00;0.00;698000000.00;0.00;4000000.00;0.00;4000000.00;6000000.00;6000000.00;4000000.00;16480000000.00;16636000256.00;16291999744.00;16291999744.00;16176000000.00;16181999616.00;15505999872.00;16096000000.00;0.00;0.00;0.00;0.00;0.00;0.00;0.00;0.00;562000000.00;358000000.00;802000000.00;354000000.00;1262000000.00;1158000000.00;1152000000.00;1202000000.00;378000000.00;448000000.00;1178000000.00;1082000000.00;328000000.00;1016000000.00;990000000.00;
0.00;0.00;0.00;0.00;0.00;0.00;0.00;0.00;0.00;0.00;700000000.00;0.00;4000000.00;0.00;6000000.00;4000000.00;6000000.00;6000000.00;16382000128.00;16478000128.00;16608000000.00;16316000256.00;16080000000.00;16028000256.00;15928000512.00;16259999744.00;0.00;0.00;0.00;0.00;0.00;0.00;0.00;0.00;566000000.00;358000000.00;844000000.00;356000000.00;1164000000.00;1262000000.00;1158000000.00;1196000000.00;376000000.00;346000000.00;1246000000.00;1106000000.00;314000000.00;1030000000.00;998000000.00;
0.00;0.00;0.00;0.00;0.00;0.00;0.00;0.00;0.00;0.00;794000000.00;0.00;6000000.00;0.00;6000000.00;6000000.00;4000000.00;6000000.00;17341999104.00;16524000256.00;16432000000.00;16641999872.00;16090000384.00;16131999744.00;15724000256.00;16156000256.00;0.00;0.00;0.00;0.00;0.00;0.00;0.00;0.00;566000000.00;358000000.00;798000000.00;356000000.00;1264000000.00;1148000000.00;1152000000.00;1206000000.00;382000000.00;348000000.00;1256000000.00;1098000000.00;330000000.00;1028000000.00;976000000.00;
0.00;0.00;0.00;0.00;0.00;0.00;0.00;0.00;0.00;0.00;848000000.00;0.00;4000000.00;0.00;4000000.00;6000000.00;6000000.00;4000000.00;16572000256.00;16670000128.00;16574000128.00;16771999744.00;16181999616.00;16005999616.00;15841999872.00;16053999616.00;0.00;0.00;0.00;0.00;0.00;0.00;0.00;0.00;564000000.00;360000000.00;808000000.00;356000000.00;1212000000.00;1326000000.00;1150000000.00;1188000000.00;384000000.00;352000000.00;1268000000.00;1116000000.00;328000000.00;992000000.00;992000000.00;
0.00;0.00;0.00;0.00;0.00;0.00;0.00;0.00;0.00;0.00;730000000.00;0.00;4000000.00;0.00;4000000.00;6000000.00;6000000.00;4000000.00;16700000256.00;17191999488.00;16344000512.00;16920000512.00;15749999616.00;16049999872.00;15882000384.00;16001999872.00;0.00;0.00;0.00;0.00;0.00;0.00;0.00;0.00;568000000.00;356000000.00;808000000.00;358000000.00;1166000000.00;1274000000.00;1160000000.00;1202000000.00;384000000.00;346000000.00;1274000000.00;1106000000.00;326000000.00;1040000000.00;998000000.00;
0.00;0.00;0.00;0.00;0.00;0.00;0.00;0.00;0.00;0.00;790000000.00;0.00;4000000.00;0.00;4000000.00;6000000.00;6000000.00;4000000.00;16643999744.00;16487999488.00;16259999744.00;16467999744.00;15916000256.00;16128000000.00;15719999488.00;16135999488.00;0.00;0.00;0.00;0.00;0.00;0.00;0.00;0.00;582000000.00;360000000.00;808000000.00;356000000.00;1164000000.00;1156000000.00;1252000000.00;1196000000.00;380000000.00;356000000.00;1152000000.00;1198000000.00;314000000.00;1028000000.00;1012000000.00;
0.00;0.00;0.00;0.00;0.00;0.00;0.00;0.00;0.00;0.00;786000000.00;0.00;6000000.00;0.00;4000000.00;8000000.00;4000000.00;4000000.00;16915999744.00;16995999744.00;17245999104.00;16405999616.00;15948000256.00;15868000256.00;15564000256.00;16019999744.00;0.00;0.00;0.00;0.00;0.00;0.00;0.00;0.00;560000000.00;360000000.00;820000000.00;360000000.00;1172000000.00;1156000000.00;1256000000.00;1200000000.00;386000000.00;352000000.00;1140000000.00;1186000000.00;326000000.00;1026000000.00;980000000.00;
0.00;0.00;0.00;0.00;0.00;0.00;0.00;0.00;0.00;0.00;698000000.00;0.00;6000000.00;0.00;4000000.00;8000000.00;4000000.00;4000000.00;16536000512.00;16743999488.00;16071999488.00;16170000384.00;16005999616.00;16064000000.00;15504000000.00;16224000000.00;0.00;0.00;0.00;0.00;0.00;0.00;0.00;0.00;574000000.00;358000000.00;908000000.00;354000000.00;1170000000.00;1160000000.00;1148000000.00;1306000000.00;380000000.00;352000000.00;1158000000.00;1102000000.00;326000000.00;1056000000.00;1116000000.00;
0.00;0.00;0.00;0.00;0.00;0.00;0.00;0.00;0.00;0.00;696000000.00;0.00;6000000.00;0.00;6000000.00;6000000.00;4000000.00;6000000.00;16426000384.00;16620000256.00;16554000384.00;16359999488.00;16067999744.00;16081999872.00;15884000256.00;16128000000.00;0.00;0.00;0.00;0.00;0.00;0.00;0.00;0.00;576000000.00;356000000.00;840000000.00;354000000.00;1256000000.00;1158000000.00;1168000000.00;1190000000.00;476000000.00;362000000.00;1152000000.00;1088000000.00;316000000.00;1032000000.00;1116000000.00;
0.00;0.00;0.00;0.00;0.00;0.00;0.00;0.00;0.00;0.00;744000000.00;0.00;6000000.00;0.00;8000000.00;4000000.00;4000000.00;6000000.00;17194000384.00;16890000384.00;16472000512.00;16547999744.00;16083999744.00;16273999872.00;15507999744.00;16158000128.00;0.00;0.00;0.00;0.00;0.00;0.00;0.00;0.00;560000000.00;356000000.00;808000000.00;356000000.00;1252000000.00;1158000000.00;1158000000.00;1192000000.00;480000000.00;352000000.00;1166000000.00;1100000000.00;328000000.00;1034000000.00;1106000000.00;
0.00;0.00;0.00;0.00;0.00;0.00;0.00;0.00;0.00;0.00;692000000.00;0.00;4000000.00;0.00;4000000.00;6000000.00;6000000.00;4000000.00;16700000256.00;16860000256.00;16405999616.00;16661999616.00;16174000128.00;15946000384.00;15760000000.00;16056000512.00;0.00;0.00;0.00;0.00;0.00;0.00;0.00;0.00;576000000.00;360000000.00;832000000.00;358000000.00;1270000000.00;1152000000.00;1160000000.00;1188000000.00;380000000.00;452000000.00;1160000000.00;1124000000.00;312000000.00;1056000000.00;1110000000.00;
0.00;0.00;0.00;0.00;0.00;0.00;0.00;0.00;0.00;0.00;700000000.00;0.00;6000000.00;0.00;6000000.00;4000000.00;4000000.00;6000000.00;16611999744.00;17269999616.00;16371999744.00;16888000512.00;15864000512.00;16106000384.00;15832000512.00;15985999872.00;0.00;0.00;0.00;0.00;0.00;0.00;0.00;0.00;570000000.00;356000000.00;800000000.00;356000000.00;1256000000.00;1160000000.00;1192000000.00;1196000000.00;380000000.00;452000000.00;1156000000.00;1102000000.00;326000000.00;1040000000.00;998000000.00;
0.00;0.00;0.00;0.00;0.00;0.00;0.00;0.00;0.00;0.00;696000000.00;0.00;6000000.00;0.00;6000000.00;6000000.00;4000000.00;6000000.00;16506000384.00;16332000256.00;16206000128.00;16568000512.00;15777999872.00;16128000000.00;15596000256.00;16248000512.00;0.00;0.00;0.00;0.00;0.00;0.00;0.00;0.00;576000000.00;356000000.00;838000000.00;354000000.00;1172000000.00;1230000000.00;1154000000.00;1198000000.00;378000000.00;348000000.00;1144000000.00;1214000000.00;322000000.00;1084000000.00;988000000.00;
0.00;0.00;0.00;0.00;0.00;0.00;0.00;0.00;0.00;0.00;696000000.00;0.00;6000000.00;0.00;4000000.00;8000000.00;4000000.00;4000000.00;17159999488.00;17152000000.00;17443999744.00;16531999744.00;15795999744.00;15872000000.00;15610000384.00;15973999616.00;0.00;0.00;0.00;0.00;0.00;0.00;0.00;0.00;562000000.00;354000000.00;832000000.00;356000000.00;1172000000.00;1258000000.00;1156000000.00;1204000000.00;380000000.00;358000000.00;1250000000.00;1100000000.00;326000000.00;1036000000.00;1016000000.00;
0.00;0.00;0.00;0.00;0.00;0.00;0.00;0.00;0.00;0.00;780000000.00;0.00;6000000.00;0.00;4000000.00;6000000.00;6000000.00;4000000.00;16416000000.00;16691999744.00;16204000256.00;16184000512.00;15852000256.00;15987999744.00;15520000000.00;16220000256.00;0.00;0.00;0.00;0.00;0.00;0.00;0.00;0.00;650000000.00;360000000.00;846000000.00;356000000.00;1174000000.00;1156000000.00;1256000000.00;1204000000.00;380000000.00;354000000.00;1156000000.00;1098000000.00;320000000.00;1152000000.00;980000000.00;
0.00;0.00;0.00;0.00;0.00;0.00;0.00;0.00;0.00;0.00;698000000.00;0.00;6000000.00;0.00;4000000.00;6000000.00;6000000.00;4000000.00;16604000256.00;16611999744.00;16442000384.00;16528000000.00;15985999872.00;16035999744.00;15804000256.00;16124000256.00;0.00;0.00;0.00;0.00;0.00;0.00;0.00;0.00;578000000.00;356000000.00;924000000.00;360000000.00;1164000000.00;1152000000.00;1164000000.00;1290000000.00;384000000.00;354000000.00;1156000000.00;1112000000.00;324000000.00;1122000000.00;1002000000.00;
